game_id,season,week,season_type,team,team_id,conference,home_away,opponent,opponent_conference,opponent_classification,conference_game,neutral_site,points_for,points_allowed,has_team_stats,sacks,def_interceptions,int_return_yards,int_tds,fumbles_recovered,defensive_tds,kick_return_tds,punt_return_tds,tackles_for_loss,passes_deflected,qb_hurries,safeties,has_opponent_stats,opp_fumbles_lost,opp_ints_thrown
401403854,2022,1,regular,Alabama,333,SEC,home,Utah State,Mountain West,fbs,False,False,55,0,True,0,0,0,0,0,0,0,0,5,3,4,0,True,0,0
401403855,2022,1,regular,Arkansas,8,SEC,home,Cincinnati,American Athletic,fbs,False,False,31,24,True,3,1,51,0,2,0,0,0,8,2,4,0,True,1,1
401403856,2022,1,regular,Auburn,2,SEC,home,Mercer,Southern,fcs,False,False,42,16,True,1,0,0,0,0,0,0,0,3,5,5,0,True,0,0
401403857,2022,1,regular,Florida,57,SEC,home,Utah,Pac-12,fbs,False,False,29,26,True,0,1,0,0,0,0,0,0,2,2,5,0,True,0,1
401403858,2022,1,regular,Georgia,61,SEC,home,Oregon,Pac-12,fbs,False,True,49,3,True,0,2,22,0,0,0,0,0,3,3,0,0,True,0,2
401405058,2022,1,regular,Illinois,356,Big Ten,home,Wyoming,Mountain West,fbs,False,False,38,6,True,0,1,40,0,1,0,0,0,0,6,0,0,True,1,1
401405061,2022,1,regular,Illinois,356,Big Ten,away,Indiana,Big Ten,fbs,True,False,20,23,True,1,1,22,0,1,0,0,0,6,5,4,0,True,1,1
401405061,2022,1,regular,Indiana,84,Big Ten,home,Illinois,Big Ten,fbs,True,False,23,20,True,3,1,0,0,3,0,0,0,10,2,1,0,True,3,1
401405062,2022,1,regular,Iowa,2294,Big Ten,home,South Dakota State,MVFC,fcs,False,False,7,3,True,4,0,0,0,0,0,0,0,9,8,5,2,True,0,0
401403859,2022,1,regular,Kentucky,96,SEC,home,Miami (OH),Mid-American,fbs,False,False,37,13,True,3,0,0,0,2,1,1,0,4,4,1,0,True,1,0
401403867,2022,1,regular,LSU,99,SEC,away,Florida State,ACC,fbs,False,True,23,24,True,2,0,0,0,1,0,0,0,4,3,0,0,True,1,0
401405066,2022,1,regular,Maryland,120,Big Ten,home,Buffalo,Mid-American,fbs,False,False,31,10,True,4,0,0,0,0,0,0,0,7,8,0,0,True,0,0
401405067,2022,1,regular,Michigan,130,Big Ten,home,Colorado State,Mountain West,fbs,False,False,51,7,True,7,1,37,0,2,1,0,0,11,0,1,0,True,1,1
401416591,2022,1,regular,Michigan State,127,Big Ten,home,Western Michigan,Mid-American,fbs,False,False,35,13,True,7,0,0,0,4,0,0,0,11,6,2,0,True,2,0
401405060,2022,1,regular,Minnesota,135,Big Ten,home,New Mexico State,FBS Independents,fbs,False,False,38,0,True,2,1,0,0,0,0,0,0,3,2,0,0,True,0,1
401403861,2022,1,regular,Mississippi State,344,SEC,home,Memphis,American Athletic,fbs,False,False,49,23,True,1,0,0,0,2,0,0,0,4,4,1,0,True,1,0
401426537,2022,1,regular,Missouri,142,SEC,home,Louisiana Tech,Conference USA,fbs,False,False,52,24,True,4,3,58,1,0,1,0,0,9,8,2,0,True,0,3
401405059,2022,1,regular,Nebraska,158,Big Ten,away,Northwestern,Big Ten,fbs,True,True,28,31,True,1,0,0,0,1,0,0,0,2,4,1,0,True,1,0
401405063,2022,1,regular,Nebraska,158,Big Ten,home,North Dakota,MVFC,fcs,False,False,38,17,True,2,0,0,0,1,0,0,0,4,6,5,0,True,1,0
401405059,2022,1,regular,Northwestern,77,Big Ten,home,Nebraska,Big Ten,fbs,True,True,31,28,True,7,2,16,0,1,0,0,0,3,6,3,0,True,1,2
401404124,2022,1,regular,Ohio State,194,Big Ten,home,Notre Dame,FBS Independents,fbs,False,False,21,10,True,3,0,0,0,0,0,0,0,6,2,1,0,True,0,0
401403860,2022,1,regular,Ole Miss,145,SEC,home,Troy,Sun Belt,fbs,False,False,28,10,True,4,1,10,0,2,0,0,0,10,2,5,0,True,1,1
401405064,2022,1,regular,Penn State,213,Big Ten,away,Purdue,Big Ten,fbs,True,False,35,31,True,2,0,0,0,2,0,0,0,3,8,0,0,True,1,0
401405064,2022,1,regular,Purdue,2509,Big Ten,home,Penn State,Big Ten,fbs,True,False,31,35,True,1,1,72,1,0,1,0,0,3,6,0,0,True,0,1
401405069,2022,1,regular,Rutgers,164,Big Ten,away,Boston College,ACC,fbs,False,False,22,21,True,4,2,0,0,2,0,0,0,8,2,8,0,True,1,2
401403863,2022,1,regular,South Carolina,2579,SEC,home,Georgia State,Sun Belt,fbs,False,False,35,14,True,0,1,3,0,0,2,0,2,6,9,6,0,True,0,1
401403864,2022,1,regular,Tennessee,2633,SEC,home,Ball State,Mid-American,fbs,False,False,59,10,True,0,2,5,0,0,0,0,0,2,5,7,0,True,1,2
401403865,2022,1,regular,Texas A&M,245,SEC,home,Sam Houston,Western Athletic,fcs,False,False,31,0,True,3,1,13,0,1,0,0,0,6,4,6,0,True,1,1
401403853,2022,1,regular,Vanderbilt,238,SEC,away,Hawai'i,Mountain West,fbs,False,False,63,10,True,3,0,0,0,4,0,0,0,0,3,0,0,True,2,0
401403866,2022,1,regular,Vanderbilt,238,SEC,home,Elon,CAA,fcs,False,False,42,31,True,1,0,0,0,2,0,0,0,5,3,3,0,True,1,0
401405065,2022,1,regular,Wisconsin,275,Big Ten,home,Illinois State,MVFC,fcs,False,False,38,0,True,4,2,100,1,0,1,0,0,8,3,0,0,True,0,2
401403868,2022,2,regular,Alabama,333,SEC,away,Texas,Big 12,fbs,False,False,20,19,True,3,0,0,0,0,0,0,0,7,3,1,0,True,0,0
401403869,2022,2,regular,Arkansas,8,SEC,home,South Carolina,SEC,fbs,True,False,44,30,True,6,1,0,0,2,0,0,0,9,3,6,1,True,2,1
401403870,2022,2,regular,Auburn,2,SEC,home,San José State,Mountain West,fbs,False,False,24,16,True,3,0,0,0,0,0,0,0,6,4,6,0,True,0,0
401403871,2022,2,regular,Florida,57,SEC,home,Kentucky,SEC,fbs,True,False,16,26,True,3,1,0,0,0,0,0,0,6,2,7,1,True,0,1
401403872,2022,2,regular,Georgia,61,SEC,home,Samford,Southern,fcs,False,False,33,0,True,1,0,0,0,1,0,0,0,5,4,0,0,True,1,0
401405070,2022,2,regular,Illinois,356,Big Ten,home,Virginia,ACC,fbs,False,False,24,3,True,5,2,0,0,2,0,0,0,8,9,6,0,True,1,2
401405075,2022,2,regular,Indiana,84,Big Ten,home,Idaho,Big Sky,fcs,False,False,35,22,True,3,0,0,0,0,0,0,0,4,2,2,1,True,0,0
401404064,2022,2,regular,Iowa,2294,Big Ten,home,Iowa State,Big 12,fbs,False,False,7,10,True,1,2,0,0,2,0,0,0,3,2,3,0,True,1,2
401403871,2022,2,regular,Kentucky,96,SEC,away,Florida,SEC,fbs,True,False,26,16,True,1,2,83,1,0,1,0,0,3,5,3,0,True,0,2
401403873,2022,2,regular,LSU,99,SEC,home,Southern,SWAC,fcs,False,False,65,17,True,3,1,29,1,8,1,0,0,4,4,0,0,True,4,1
401426545,2022,2,regular,Maryland,120,Big Ten,away,Charlotte,Conference USA,fbs,False,False,56,21,True,1,0,0,0,0,0,0,0,2,4,5,0,True,0,0
401405077,2022,2,regular,Michigan,130,Big Ten,home,Hawai'i,Mountain West,fbs,False,False,56,10,True,1,0,0,0,0,0,0,0,2,7,2,0,True,0,0
401405078,2022,2,regular,Michigan State,127,Big Ten,home,Akron,Mid-American,fbs,False,False,52,0,True,5,0,0,0,4,0,0,0,9,8,4,0,True,4,0
401405071,2022,2,regular,Minnesota,135,Big Ten,home,Western Illinois,MVFC,fcs,False,False,62,10,True,1,1,0,0,0,0,0,0,6,0,5,0,True,0,1
401403875,2022,2,regular,Mississippi State,344,SEC,away,Arizona,Pac-12,fbs,False,False,39,17,True,2,3,80,0,0,0,0,0,3,9,1,0,True,0,3
401403876,2022,2,regular,Missouri,142,SEC,away,Kansas State,Big 12,fbs,False,False,12,40,True,0,0,0,0,2,0,0,0,1,0,5,0,True,1,0
401405072,2022,2,regular,Nebraska,158,Big Ten,home,Georgia Southern,Sun Belt,fbs,False,False,42,45,True,0,2,0,0,0,0,0,0,3,8,6,0,True,0,2
401405073,2022,2,regular,Northwestern,77,Big Ten,home,Duke,ACC,fbs,False,False,23,31,True,1,1,0,0,0,0,0,0,1,6,1,0,True,0,1
401405079,2022,2,regular,Ohio State,194,Big Ten,home,Arkansas State,Sun Belt,fbs,False,False,45,12,True,2,0,0,0,0,0,0,0,12,3,3,0,True,0,0
401403874,2022,2,regular,Ole Miss,145,SEC,home,Central Arkansas,Atlantic Sun,fcs,False,False,59,3,True,2,2,4,0,4,0,0,0,4,6,4,0,True,2,2
401405080,2022,2,regular,Penn State,213,Big Ten,home,Ohio,Mid-American,fbs,False,False,46,10,True,1,0,0,0,0,0,0,0,6,9,5,1,True,0,0
401405074,2022,2,regular,Purdue,2509,Big Ten,home,Indiana State,MVFC,fcs,False,False,56,0,True,4,2,67,1,2,1,0,0,8,2,6,0,True,1,2
401405081,2022,2,regular,Rutgers,164,Big Ten,home,Wagner,NEC,fcs,False,False,66,7,True,2,2,5,0,0,0,0,0,9,4,2,0,True,0,2
401403869,2022,2,regular,South Carolina,2579,SEC,away,Arkansas,SEC,fbs,True,False,30,44,True,2,0,0,0,0,0,0,0,4,2,1,0,True,0,0
401403877,2022,2,regular,Tennessee,2633,SEC,away,Pittsburgh,ACC,fbs,False,False,34,27,True,4,1,0,0,2,0,0,0,9,4,16,0,True,1,1
401403878,2022,2,regular,Texas A&M,245,SEC,home,App State,Sun Belt,fbs,False,False,14,17,True,1,0,0,0,0,1,1,0,0,2,4,0,True,0,0
401403879,2022,2,regular,Vanderbilt,238,SEC,home,Wake Forest,ACC,fbs,False,False,25,45,True,2,0,0,0,1,0,0,0,4,7,1,0,True,1,0
401403984,2022,2,regular,Wisconsin,275,Big Ten,home,Washington State,Pac-12,fbs,False,False,14,17,True,2,2,21,0,1,0,0,0,4,2,3,0,True,1,2
401403880,2022,3,regular,Alabama,333,SEC,home,UL Monroe,Sun Belt,fbs,False,False,63,7,True,4,1,25,1,0,3,0,2,9,3,4,0,True,0,1
401403881,2022,3,regular,Arkansas,8,SEC,home,Missouri State,MVFC,fcs,False,False,38,27,True,8,0,0,0,0,1,0,1,9,5,5,0,True,0,0
401403882,2022,3,regular,Auburn,2,SEC,home,Penn State,Big Ten,fbs,False,False,12,41,True,0,0,0,0,0,0,0,0,3,3,0,0,True,0,0
401403883,2022,3,regular,Florida,57,SEC,home,South Florida,American Athletic,fbs,False,False,31,28,True,0,2,39,1,1,1,0,0,4,2,5,0,True,1,2
401403888,2022,3,regular,Georgia,61,SEC,away,South Carolina,SEC,fbs,True,False,48,7,True,0,3,42,0,0,0,0,0,6,2,9,0,True,0,3
401426563,2022,3,regular,Indiana,84,Big Ten,home,Western Kentucky,Conference USA,fbs,False,False,33,30,True,2,1,10,0,1,0,0,0,7,5,1,0,True,1,1
401405082,2022,3,regular,Iowa,2294,Big Ten,home,Nevada,Mountain West,fbs,False,False,27,0,True,4,1,0,0,0,0,0,0,11,4,4,0,True,0,1
401403884,2022,3,regular,Kentucky,96,SEC,home,Youngstown State,MVFC,fcs,False,False,31,0,True,2,1,0,0,0,0,0,0,6,7,2,0,True,0,1
401403885,2022,3,regular,LSU,99,SEC,home,Mississippi State,SEC,fbs,True,False,31,16,True,4,1,19,0,1,0,0,0,8,2,4,0,True,1,1
401405087,2022,3,regular,Maryland,120,Big Ten,home,SMU,American Athletic,fbs,False,False,34,27,True,2,2,36,0,2,0,0,0,4,4,0,0,True,1,2
401404149,2022,3,regular,Michigan,130,Big Ten,home,UConn,FBS Independents,fbs,False,False,59,0,True,0,0,0,0,1,1,0,1,5,2,2,0,True,1,0
401403994,2022,3,regular,Michigan State,127,Big Ten,away,Washington,Pac-12,fbs,False,False,28,39,True,0,0,0,0,0,0,0,0,1,1,0,0,True,0,0
401403988,2022,3,regular,Minnesota,135,Big Ten,home,Colorado,Pac-12,fbs,False,False,49,7,True,3,0,0,0,1,0,0,0,5,9,0,0,True,1,0
401403885,2022,3,regular,Mississippi State,344,SEC,away,LSU,SEC,fbs,True,False,16,31,True,3,0,0,0,1,0,0,0,4,1,0,0,True,1,0
401403887,2022,3,regular,Missouri,142,SEC,home,Abilene Christian,Western Athletic,fcs,False,False,34,17,True,0,1,0,0,2,1,0,1,3,3,2,0,True,1,1
401404070,2022,3,regular,Nebraska,158,Big Ten,home,Oklahoma,Big 12,fbs,False,False,14,49,True,2,0,0,0,1,0,0,0,5,1,3,0,True,1,0
401405083,2022,3,regular,Northwestern,77,Big Ten,home,Southern Illinois,MVFC,fcs,False,False,24,31,True,3,1,0,0,0,0,0,0,10,4,0,0,True,0,1
401405088,2022,3,regular,Ohio State,194,Big Ten,home,Toledo,Mid-American,fbs,False,False,77,21,True,3,1,8,0,1,0,0,0,9,2,3,0,True,1,1
401403886,2022,3,regular,Ole Miss,145,SEC,away,Georgia Tech,ACC,fbs,False,False,42,0,True,7,0,0,0,0,0,0,0,12,5,1,0,True,0,0
401403882,2022,3,regular,Penn State,213,Big Ten,away,Auburn,SEC,fbs,False,False,41,12,True,6,2,27,0,4,0,0,0,11,3,9,0,True,2,2
401405084,2022,3,regular,Purdue,2509,Big Ten,away,Syracuse,ACC,fbs,False,False,29,32,True,1,0,0,0,0,0,0,0,3,7,3,0,True,0,0
401405089,2022,3,regular,Rutgers,164,Big Ten,away,Temple,American Athletic,fbs,False,False,16,14,True,0,1,43,1,0,1,0,0,4,7,0,0,True,0,1
401403888,2022,3,regular,South Carolina,2579,SEC,home,Georgia,SEC,fbs,True,False,7,48,True,0,0,0,0,0,0,0,0,1,2,3,0,True,0,0
401403889,2022,3,regular,Tennessee,2633,SEC,home,Akron,Mid-American,fbs,False,False,63,6,True,4,0,0,0,1,0,0,0,11,2,6,0,True,1,0
401403890,2022,3,regular,Texas A&M,245,SEC,home,Miami,ACC,fbs,False,False,17,9,True,0,0,0,0,1,0,0,0,3,8,6,0,True,1,0
401403891,2022,3,regular,Vanderbilt,238,SEC,away,Northern Illinois,Mid-American,fbs,False,False,38,28,True,1,1,35,0,0,0,0,0,6,5,1,0,True,0,1
401405085,2022,3,regular,Wisconsin,275,Big Ten,home,New Mexico State,FBS Independents,fbs,False,False,66,7,True,1,3,10,0,0,0,0,0,8,4,5,0,True,0,3
401403892,2022,4,regular,Alabama,333,SEC,home,Vanderbilt,SEC,fbs,True,False,55,3,True,5,0,0,0,0,0,0,0,8,4,3,0,True,0,0
401403893,2022,4,regular,Arkansas,8,SEC,away,Texas A&M,SEC,fbs,True,True,21,23,True,3,0,0,0,0,0,0,0,5,3,4,0,True,0,0
401403894,2022,4,regular,Auburn,2,SEC,home,Missouri,SEC,fbs,True,False,17,14,True,4,1,19,0,2,0,0,0,7,2,2,0,True,1,1
401403901,2022,4,regular,Florida,57,SEC,away,Tennessee,SEC,fbs,True,False,33,38,True,3,0,0,0,2,0,0,0,5,1,2,0,True,2,0
401403895,2022,4,regular,Georgia,61,SEC,home,Kent State,Mid-American,fbs,False,False,39,22,True,3,1,7,0,0,0,0,0,5,3,0,0,True,0,1
401421129,2022,4,regular,Illinois,356,Big Ten,home,Chattanooga,Southern,fcs,False,False,31,0,True,4,2,12,0,0,0,0,0,8,5,9,0,True,0,2
401405096,2022,4,regular,Indiana,84,Big Ten,away,Cincinnati,American Athletic,fbs,False,False,24,45,True,2,1,0,0,0,0,0,0,5,2,3,0,True,0,1
401405091,2022,4,regular,Iowa,2294,Big Ten,away,Rutgers,Big Ten,fbs,True,False,27,10,True,3,2,78,1,2,1,0,0,5,5,5,0,True,1,2
401403896,2022,4,regular,Kentucky,96,SEC,home,Northern Illinois,Mid-American,fbs,False,False,31,23,True,0,0,0,0,0,0,0,0,1,4,2,0,True,0,0
401403897,2022,4,regular,LSU,99,SEC,home,New Mexico,Mountain West,fbs,False,False,38,0,True,4,0,0,0,0,0,0,0,8,1,0,0,True,0,0
401405097,2022,4,regular,Maryland,120,Big Ten,away,Michigan,Big Ten,fbs,True,False,27,34,True,2,0,0,0,1,0,0,0,7,2,0,0,True,1,0
401405097,2022,4,regular,Michigan,130,Big Ten,home,Maryland,Big Ten,fbs,True,False,34,27,True,3,2,0,0,1,0,0,0,5,3,4,0,True,1,2
401405092,2022,4,regular,Michigan State,127,Big Ten,home,Minnesota,Big Ten,fbs,True,False,7,34,True,0,0,0,0,2,0,0,0,3,2,0,0,True,1,0
401405092,2022,4,regular,Minnesota,135,Big Ten,away,Michigan State,Big Ten,fbs,True,False,34,7,True,1,2,7,0,2,0,0,0,1,1,0,0,True,1,2
401403899,2022,4,regular,Mississippi State,344,SEC,home,Bowling Green,Mid-American,fbs,False,False,45,14,True,2,1,20,0,0,0,0,0,5,2,2,0,True,0,1
401403894,2022,4,regular,Missouri,142,SEC,away,Auburn,SEC,fbs,True,False,14,17,True,5,0,0,0,0,0,0,0,12,1,2,0,True,0,0
401405093,2022,4,regular,Northwestern,77,Big Ten,home,Miami (OH),Mid-American,fbs,False,False,14,17,True,3,0,0,0,0,0,0,0,6,5,1,0,True,0,0
401405095,2022,4,regular,Ohio State,194,Big Ten,home,Wisconsin,Big Ten,fbs,True,False,52,21,True,1,1,30,0,0,0,0,0,3,4,1,0,True,0,1
401403898,2022,4,regular,Ole Miss,145,SEC,home,Tulsa,American Athletic,fbs,False,False,35,27,True,0,1,19,0,0,0,0,0,2,6,10,0,True,0,1
401405098,2022,4,regular,Penn State,213,Big Ten,home,Central Michigan,Mid-American,fbs,False,False,33,14,True,2,2,34,0,4,0,0,0,3,13,5,0,True,2,2
401426566,2022,4,regular,Purdue,2509,Big Ten,home,Florida Atlantic,Conference USA,fbs,False,False,28,26,True,0,1,55,0,2,0,0,0,2,3,1,0,True,1,1
401405091,2022,4,regular,Rutgers,164,Big Ten,home,Iowa,Big Ten,fbs,True,False,10,27,True,3,0,0,0,0,0,0,0,8,3,1,0,True,0,0
401426564,2022,4,regular,South Carolina,2579,SEC,home,Charlotte,Conference USA,fbs,False,False,56,20,True,1,3,18,0,0,0,0,0,5,4,12,0,True,0,3
401403901,2022,4,regular,Tennessee,2633,SEC,home,Florida,SEC,fbs,True,False,38,33,True,1,1,5,0,1,0,0,0,4,1,13,0,True,1,1
401403893,2022,4,regular,Texas A&M,245,SEC,home,Arkansas,SEC,fbs,True,True,23,21,True,2,0,0,0,3,0,0,0,5,4,0,0,True,1,0
401403892,2022,4,regular,Vanderbilt,238,SEC,away,Alabama,SEC,fbs,True,False,3,55,True,0,0,0,0,1,0,0,0,3,2,4,0,True,1,0
401405095,2022,4,regular,Wisconsin,275,Big Ten,away,Ohio State,Big Ten,fbs,True,False,21,52,True,0,1,0,0,0,0,0,0,0,4,0,0,True,0,1
401403902,2022,5,regular,Alabama,333,SEC,away,Arkansas,SEC,fbs,True,False,49,26,True,3,0,0,0,2,0,0,0,9,5,0,0,True,1,0
401403902,2022,5,regular,Arkansas,8,SEC,home,Alabama,SEC,fbs,True,False,26,49,True,1,1,-3,0,0,0,0,0,4,2,3,0,True,0,1
401403903,2022,5,regular,Auburn,2,SEC,home,LSU,SEC,fbs,True,False,17,21,True,3,0,0,0,2,0,0,0,8,2,2,0,True,1,0
401403904,2022,5,regular,Florida,57,SEC,home,Eastern Washington,Big Sky,fcs,False,False,52,17,True,2,0,0,0,1,0,0,0,7,2,3,0,True,1,0
401403907,2022,5,regular,Georgia,61,SEC,away,Missouri,SEC,fbs,True,False,26,22,True,2,0,0,0,0,0,0,0,6,3,0,0,True,0,0
401405099,2022,5,regular,Illinois,356,Big Ten,away,Wisconsin,Big Ten,fbs,True,False,34,10,True,5,2,19,0,2,0,0,0,8,4,2,0,True,1,2
401405102,2022,5,regular,Indiana,84,Big Ten,away,Nebraska,Big Ten,fbs,True,False,21,35,True,4,1,0,0,2,0,0,0,8,3,3,0,True,1,1
401405100,2022,5,regular,Iowa,2294,Big Ten,home,Michigan,Big Ten,fbs,True,False,14,27,True,1,0,0,0,0,0,0,0,3,2,1,0,True,0,0
401403905,2022,5,regular,Kentucky,96,SEC,away,Ole Miss,SEC,fbs,True,False,19,22,True,0,1,0,0,0,0,0,0,4,5,3,0,True,0,1
401403903,2022,5,regular,LSU,99,SEC,away,Auburn,SEC,fbs,True,False,21,17,True,2,2,27,0,4,0,0,0,5,3,4,0,True,2,2
401405103,2022,5,regular,Maryland,120,Big Ten,home,Michigan State,Big Ten,fbs,True,False,27,13,True,1,0,0,0,0,0,0,0,5,4,0,0,True,0,0
401405100,2022,5,regular,Michigan,130,Big Ten,away,Iowa,Big Ten,fbs,True,False,27,14,True,4,0,0,0,0,0,0,0,6,1,5,0,True,0,0
401405103,2022,5,regular,Michigan State,127,Big Ten,away,Maryland,Big Ten,fbs,True,False,13,27,True,1,0,0,0,0,0,0,0,4,1,0,0,True,0,0
401405101,2022,5,regular,Minnesota,135,Big Ten,home,Purdue,Big Ten,fbs,True,False,10,20,True,2,2,0,0,2,0,0,0,3,6,2,0,True,1,2
401403906,2022,5,regular,Mississippi State,344,SEC,home,Texas A&M,SEC,fbs,True,False,42,24,True,4,2,33,1,4,1,0,0,6,3,7,0,True,2,2
401403907,2022,5,regular,Missouri,142,SEC,home,Georgia,SEC,fbs,True,False,22,26,True,2,0,0,0,3,0,0,0,9,6,7,0,True,2,0
401405102,2022,5,regular,Nebraska,158,Big Ten,home,Indiana,Big Ten,fbs,True,False,35,21,True,3,1,0,0,0,1,0,1,6,8,6,0,True,0,1
401405105,2022,5,regular,Northwestern,77,Big Ten,away,Penn State,Big Ten,fbs,True,False,7,17,True,0,1,0,0,8,0,0,0,5,2,3,0,True,4,1
401405104,2022,5,regular,Ohio State,194,Big Ten,home,Rutgers,Big Ten,fbs,True,False,49,10,True,1,1,12,0,1,0,0,0,6,3,3,0,True,1,1
401403905,2022,5,regular,Ole Miss,145,SEC,home,Kentucky,SEC,fbs,True,False,22,19,True,3,0,0,0,4,0,0,0,9,3,1,1,True,2,0
401405105,2022,5,regular,Penn State,213,Big Ten,home,Northwestern,Big Ten,fbs,True,False,17,7,True,1,1,30,0,3,0,0,0,5,8,3,0,True,2,1
401405101,2022,5,regular,Purdue,2509,Big Ten,away,Minnesota,Big Ten,fbs,True,False,20,10,True,2,3,43,0,0,0,0,0,7,6,0,0,True,0,3
401405104,2022,5,regular,Rutgers,164,Big Ten,away,Ohio State,Big Ten,fbs,True,False,10,49,True,1,1,15,0,1,0,0,0,5,3,2,0,True,1,1
401403908,2022,5,regular,South Carolina,2579,SEC,home,South Carolina State,MEAC,fcs,False,False,50,10,True,1,3,63,0,0,0,0,0,7,3,1,0,True,0,3
401403906,2022,5,regular,Texas A&M,245,SEC,away,Mississippi State,SEC,fbs,True,False,24,42,True,0,0,0,0,2,0,0,0,3,5,3,0,True,1,0
401405099,2022,5,regular,Wisconsin,275,Big Ten,home,Illinois,Big Ten,fbs,True,False,10,34,True,2,0,0,0,0,0,0,0,7,0,0,0,True,0,0
401403909,2022,6,regular,Alabama,333,SEC,home,Texas A&M,SEC,fbs,True,False,24,20,True,3,1,21,0,0,0,0,0,6,6,14,0,True,0,1
401403914,2022,6,regular,Arkansas,8,SEC,away,Mississippi State,SEC,fbs,True,False,17,40,True,0,0,0,0,0,0,0,0,0,9,1,0,True,0,0
401403911,2022,6,regular,Auburn,2,SEC,away,Georgia,SEC,fbs,True,False,10,42,True,1,0,0,0,2,0,0,0,3,0,0,0,True,1,0
401403910,2022,6,regular,Florida,57,SEC,home,Missouri,SEC,fbs,True,False,24,17,True,4,2,54,1,0,1,0,0,13,0,3,0,True,0,2
401403911,2022,6,regular,Georgia,61,SEC,home,Auburn,SEC,fbs,True,False,42,10,True,0,0,0,0,2,0,0,0,2,3,0,0,True,1,0
401405106,2022,6,regular,Illinois,356,Big Ten,home,Iowa,Big Ten,fbs,True,False,9,6,True,5,1,5,0,0,0,0,0,11,8,6,0,True,0,1
401405108,2022,6,regular,Indiana,84,Big Ten,home,Michigan,Big Ten,fbs,True,False,10,31,True,0,1,0,0,0,0,0,0,5,3,0,0,True,0,1
401405106,2022,6,regular,Iowa,2294,Big Ten,away,Illinois,Big Ten,fbs,True,False,6,9,True,0,1,0,0,2,0,0,0,6,1,3,0,True,2,1
401403912,2022,6,regular,Kentucky,96,SEC,home,South Carolina,SEC,fbs,True,False,14,24,True,2,1,0,0,2,0,0,0,9,1,0,0,True,1,1
401403913,2022,6,regular,LSU,99,SEC,home,Tennessee,SEC,fbs,True,False,13,40,True,0,0,0,0,0,0,0,0,2,1,1,0,True,0,0
401405109,2022,6,regular,Maryland,120,Big Ten,home,Purdue,Big Ten,fbs,True,False,29,31,True,5,1,0,0,4,0,0,0,8,4,0,0,True,2,1
401405108,2022,6,regular,Michigan,130,Big Ten,away,Indiana,Big Ten,fbs,True,False,31,10,True,7,1,0,0,0,0,0,0,10,5,4,0,True,0,1
401405110,2022,6,regular,Michigan State,127,Big Ten,home,Ohio State,Big Ten,fbs,True,False,20,49,True,1,1,32,1,0,1,0,0,4,0,3,0,True,0,1
401403914,2022,6,regular,Mississippi State,344,SEC,home,Arkansas,SEC,fbs,True,False,40,17,True,2,2,7,0,0,0,0,0,4,3,4,0,True,0,2
401403910,2022,6,regular,Missouri,142,SEC,away,Florida,SEC,fbs,True,False,17,24,True,1,1,0,0,1,0,0,0,4,4,1,0,True,1,1
401405111,2022,6,regular,Nebraska,158,Big Ten,away,Rutgers,Big Ten,fbs,True,False,14,13,True,3,3,17,0,0,0,0,0,7,3,0,0,True,0,3
401405107,2022,6,regular,Northwestern,77,Big Ten,home,Wisconsin,Big Ten,fbs,True,False,7,42,True,0,0,0,0,0,0,0,0,2,1,1,0,True,0,0
401405110,2022,6,regular,Ohio State,194,Big Ten,away,Michigan State,Big Ten,fbs,True,False,49,20,True,4,1,0,0,0,0,0,0,5,3,3,0,True,0,1
401403915,2022,6,regular,Ole Miss,145,SEC,away,Vanderbilt,SEC,fbs,True,False,52,28,True,0,0,0,0,2,0,0,0,3,8,0,0,True,1,0
401405109,2022,6,regular,Purdue,2509,Big Ten,away,Maryland,Big Ten,fbs,True,False,31,29,True,3,1,0,0,0,0,0,0,6,4,0,0,True,0,1
401405111,2022,6,regular,Rutgers,164,Big Ten,home,Nebraska,Big Ten,fbs,True,False,13,14,True,1,2,2,0,0,0,0,0,3,4,2,0,True,0,2
401403912,2022,6,regular,South Carolina,2579,SEC,away,Kentucky,SEC,fbs,True,False,24,14,True,6,1,9,0,2,0,0,0,8,3,1,0,True,1,1
401403913,2022,6,regular,Tennessee,2633,SEC,away,LSU,SEC,fbs,True,False,40,13,True,5,1,0,0,1,0,0,0,9,3,1,0,True,1,1
401403909,2022,6,regular,Texas A&M,245,SEC,away,Alabama,SEC,fbs,True,False,20,24,True,4,1,0,0,4,0,0,0,10,2,2,0,True,3,1
401403915,2022,6,regular,Vanderbilt,238,SEC,home,Ole Miss,SEC,fbs,True,False,28,52,True,0,2,6,0,0,0,0,0,5,1,0,0,True,0,2
401405107,2022,6,regular,Wisconsin,275,Big Ten,away,Northwestern,Big Ten,fbs,True,False,42,7,True,1,2,32,0,1,0,0,0,4,8,4,0,True,1,2
401403921,2022,7,regular,Alabama,333,SEC,away,Tennessee,SEC,fbs,True,False,49,52,True,1,1,0,0,1,0,0,0,2,0,0,0,True,1,1
401403916,2022,7,regular,Arkansas,8,SEC,away,BYU,FBS Independents,fbs,False,False,52,35,True,0,1,0,0,2,0,0,0,3,1,5,0,True,2,1
401403920,2022,7,regular,Auburn,2,SEC,away,Ole Miss,SEC,fbs,True,False,34,48,True,1,1,0,0,0,0,0,0,3,2,3,0,True,0,1
401403917,2022,7,regular,Florida,57,SEC,home,LSU,SEC,fbs,True,False,35,45,True,1,0,0,0,1,0,0,0,3,1,4,0,True,1,0
401403918,2022,7,regular,Georgia,61,SEC,home,Vanderbilt,SEC,fbs,True,False,55,0,True,1,0,0,0,2,0,0,0,4,4,0,0,True,1,0
401405112,2022,7,regular,Illinois,356,Big Ten,home,Minnesota,Big Ten,fbs,True,False,26,14,True,2,3,0,0,0,0,0,0,3,5,5,0,True,0,3
401405114,2022,7,regular,Indiana,84,Big Ten,home,Maryland,Big Ten,fbs,True,False,33,38,True,2,0,0,0,0,0,0,0,6,4,2,0,True,0,0
401403919,2022,7,regular,Kentucky,96,SEC,home,Mississippi State,SEC,fbs,True,False,27,17,True,1,1,8,0,0,0,0,0,3,4,1,0,True,0,1
401403917,2022,7,regular,LSU,99,SEC,away,Florida,SEC,fbs,True,False,45,35,True,1,0,0,0,0,0,0,0,2,2,4,0,True,0,0
401405114,2022,7,regular,Maryland,120,Big Ten,away,Indiana,Big Ten,fbs,True,False,38,33,True,2,2,0,0,1,0,0,0,8,1,1,0,True,1,2
401405115,2022,7,regular,Michigan,130,Big Ten,home,Penn State,Big Ten,fbs,True,False,41,17,True,2,0,0,0,0,0,0,0,4,3,5,0,True,0,0
401405116,2022,7,regular,Michigan State,127,Big Ten,home,Wisconsin,Big Ten,fbs,True,False,34,28,True,3,1,0,0,2,0,0,0,9,4,6,0,True,1,1
401405112,2022,7,regular,Minnesota,135,Big Ten,away,Illinois,Big Ten,fbs,True,False,14,26,True,0,0,0,0,0,0,0,0,8,1,0,0,True,0,0
401403919,2022,7,regular,Mississippi State,344,SEC,away,Kentucky,SEC,fbs,True,False,17,27,True,1,1,59,1,1,1,0,0,4,2,1,0,True,1,1
401405113,2022,7,regular,Nebraska,158,Big Ten,away,Purdue,Big Ten,fbs,True,False,37,43,True,0,1,0,0,0,0,0,0,2,3,0,0,True,0,1
401403920,2022,7,regular,Ole Miss,145,SEC,home,Auburn,SEC,fbs,True,False,48,34,True,3,2,0,0,2,0,0,0,7,2,3,0,True,1,2
401405115,2022,7,regular,Penn State,213,Big Ten,away,Michigan,Big Ten,fbs,True,False,17,41,True,1,1,47,1,0,1,0,0,7,1,1,0,True,0,1
401405113,2022,7,regular,Purdue,2509,Big Ten,home,Nebraska,Big Ten,fbs,True,False,43,37,True,4,2,15,0,0,0,0,0,5,2,2,0,True,0,2
401403921,2022,7,regular,Tennessee,2633,SEC,home,Alabama,SEC,fbs,True,False,52,49,True,1,0,0,0,1,0,0,0,4,3,9,0,True,1,0
401403918,2022,7,regular,Vanderbilt,238,SEC,away,Georgia,SEC,fbs,True,False,0,55,True,2,0,0,0,0,0,0,0,6,3,0,0,True,0,0
401405116,2022,7,regular,Wisconsin,275,Big Ten,away,Michigan State,Big Ten,fbs,True,False,28,34,True,2,1,0,0,0,0,0,0,9,2,3,0,True,0,1
401403922,2022,8,regular,Alabama,333,SEC,home,Mississippi State,SEC,fbs,True,False,30,6,True,4,0,0,0,1,0,0,0,6,15,7,0,True,1,0
401405121,2022,8,regular,Indiana,84,Big Ten,away,Rutgers,Big Ten,fbs,True,False,17,24,True,0,0,0,0,0,1,1,0,3,4,0,0,True,0,0
401405119,2022,8,regular,Iowa,2294,Big Ten,away,Ohio State,Big Ten,fbs,True,False,10,54,True,1,1,0,0,2,0,0,0,5,2,0,0,True,1,1
401403923,2022,8,regular,LSU,99,SEC,home,Ole Miss,SEC,fbs,True,False,45,20,True,3,1,0,0,0,0,0,0,6,7,6,0,True,0,1
401405118,2022,8,regular,Maryland,120,Big Ten,home,Northwestern,Big Ten,fbs,True,False,31,24,True,1,2,23,0,0,0,0,0,3,1,0,0,True,0,2
401405120,2022,8,regular,Minnesota,135,Big Ten,away,Penn State,Big Ten,fbs,True,False,17,45,True,0,1,37,0,0,0,0,0,2,2,2,0,True,0,1
401403922,2022,8,regular,Mississippi State,344,SEC,away,Alabama,SEC,fbs,True,False,6,30,True,2,0,0,0,0,0,0,0,9,4,6,0,True,0,0
401403924,2022,8,regular,Missouri,142,SEC,home,Vanderbilt,SEC,fbs,True,False,17,14,True,1,1,0,0,0,0,0,0,8,10,2,0,True,0,1
401405118,2022,8,regular,Northwestern,77,Big Ten,away,Maryland,Big Ten,fbs,True,False,24,31,True,4,0,0,0,0,0,0,0,8,0,0,0,True,0,0
401405119,2022,8,regular,Ohio State,194,Big Ten,home,Iowa,Big Ten,fbs,True,False,54,10,True,5,3,26,1,3,1,0,0,10,2,3,0,True,3,3
401403923,2022,8,regular,Ole Miss,145,SEC,away,LSU,SEC,fbs,True,False,20,45,True,4,0,0,0,0,0,0,0,4,2,0,0,True,0,0
401405120,2022,8,regular,Penn State,213,Big Ten,home,Minnesota,Big Ten,fbs,True,False,45,17,True,1,1,35,0,0,0,0,0,7,6,6,0,True,0,1
401405117,2022,8,regular,Purdue,2509,Big Ten,away,Wisconsin,Big Ten,fbs,True,False,24,35,True,2,0,0,0,1,0,0,0,4,1,2,0,True,1,0
401405121,2022,8,regular,Rutgers,164,Big Ten,home,Indiana,Big Ten,fbs,True,False,24,17,True,1,1,0,1,0,1,0,0,6,6,5,0,True,0,1
401403925,2022,8,regular,South Carolina,2579,SEC,home,Texas A&M,SEC,fbs,True,False,30,24,True,0,1,59,0,2,1,1,0,2,12,9,0,True,1,1
401403926,2022,8,regular,Tennessee,2633,SEC,home,UT Martin,OVC,fcs,False,False,65,24,True,2,1,5,0,1,0,0,0,5,3,7,0,True,1,1
401403925,2022,8,regular,Texas A&M,245,SEC,away,South Carolina,SEC,fbs,True,False,24,30,True,2,0,0,0,2,0,0,0,6,3,3,0,True,2,0
401403924,2022,8,regular,Vanderbilt,238,SEC,away,Missouri,SEC,fbs,True,False,14,17,True,3,1,0,0,5,0,0,0,11,1,0,0,True,3,1
401405117,2022,8,regular,Wisconsin,275,Big Ten,home,Purdue,Big Ten,fbs,True,False,35,24,True,2,3,48,1,0,1,0,0,4,3,0,0,True,0,3
401403927,2022,9,regular,Arkansas,8,SEC,away,Auburn,SEC,fbs,True,False,41,27,True,3,0,0,0,0,0,0,0,6,3,2,0,True,0,0
401403927,2022,9,regular,Auburn,2,SEC,home,Arkansas,SEC,fbs,True,False,27,41,True,3,0,0,0,2,0,0,0,5,3,1,0,True,1,0
401403928,2022,9,regular,Florida,57,SEC,away,Georgia,SEC,fbs,True,True,20,42,True,0,2,0,0,2,0,0,0,3,4,6,0,True,1,2
401403928,2022,9,regular,Georgia,61,SEC,home,Florida,SEC,fbs,True,True,42,20,True,3,0,0,0,0,0,0,0,8,2,10,0,True,0,0
401405124,2022,9,regular,Illinois,356,Big Ten,away,Nebraska,Big Ten,fbs,True,False,26,9,True,2,3,47,0,1,0,0,0,6,3,2,0,True,1,3
401405122,2022,9,regular,Iowa,2294,Big Ten,home,Northwestern,Big Ten,fbs,True,False,33,13,True,7,1,0,0,0,0,0,0,10,2,1,0,True,0,1
401403930,2022,9,regular,Kentucky,96,SEC,away,Tennessee,SEC,fbs,True,False,6,44,True,2,0,0,0,0,0,0,0,3,0,0,0,True,0,0
401405125,2022,9,regular,Michigan,130,Big Ten,home,Michigan State,Big Ten,fbs,True,False,29,7,True,2,1,34,0,0,0,0,0,7,5,0,0,True,0,1
401405125,2022,9,regular,Michigan State,127,Big Ten,away,Michigan,Big Ten,fbs,True,False,7,29,True,0,0,0,0,1,0,0,0,5,1,2,0,True,1,0
401405123,2022,9,regular,Minnesota,135,Big Ten,home,Rutgers,Big Ten,fbs,True,False,31,0,True,1,2,32,0,2,0,0,0,3,1,0,0,True,1,2
401403929,2022,9,regular,Missouri,142,SEC,away,South Carolina,SEC,fbs,True,False,23,10,True,4,1,0,0,2,0,0,0,11,4,3,0,True,1,1
401405124,2022,9,regular,Nebraska,158,Big Ten,home,Illinois,Big Ten,fbs,True,False,9,26,True,2,0,0,0,1,0,0,0,8,0,0,0,True,1,0
401405122,2022,9,regular,Northwestern,77,Big Ten,away,Iowa,Big Ten,fbs,True,False,13,33,True,1,0,0,0,0,0,0,0,6,1,2,0,True,0,0
401405126,2022,9,regular,Ohio State,194,Big Ten,away,Penn State,Big Ten,fbs,True,False,44,31,True,3,3,18,1,2,1,0,0,4,6,4,0,True,1,3
401403931,2022,9,regular,Ole Miss,145,SEC,away,Texas A&M,SEC,fbs,True,False,31,28,True,2,0,0,0,0,0,0,0,5,5,2,0,True,0,0
401405126,2022,9,regular,Penn State,213,Big Ten,home,Ohio State,Big Ten,fbs,True,False,31,44,True,2,0,0,0,0,0,0,0,7,2,1,0,True,0,0
401405123,2022,9,regular,Rutgers,164,Big Ten,away,Minnesota,Big Ten,fbs,True,False,0,31,True,0,0,0,0,0,0,0,0,2,2,1,0,True,0,0
401403929,2022,9,regular,South Carolina,2579,SEC,home,Missouri,SEC,fbs,True,False,10,23,True,1,0,0,0,0,0,0,0,4,1,3,0,True,0,0
401403930,2022,9,regular,Tennessee,2633,SEC,home,Kentucky,SEC,fbs,True,False,44,6,True,4,3,55,0,0,0,0,0,8,3,4,0,True,0,3
401403931,2022,9,regular,Texas A&M,245,SEC,home,Ole Miss,SEC,fbs,True,False,28,31,True,1,0,0,0,0,0,0,0,10,3,2,0,True,0,0
401403934,2022,10,regular,Alabama,333,SEC,away,LSU,SEC,fbs,True,False,31,32,True,6,0,0,0,0,0,0,0,11,2,1,0,True,0,0
401403932,2022,10,regular,Arkansas,8,SEC,home,Liberty,FBS Independents,fbs,False,False,19,21,True,4,1,0,0,0,0,0,0,9,4,2,0,True,0,1
401403935,2022,10,regular,Auburn,2,SEC,away,Mississippi State,SEC,fbs,True,False,33,39,True,5,1,17,0,2,0,0,0,10,5,3,0,True,2,1
401403937,2022,10,regular,Florida,57,SEC,away,Texas A&M,SEC,fbs,True,False,41,24,True,2,0,0,0,2,0,0,0,6,4,3,0,True,2,0
401403933,2022,10,regular,Georgia,61,SEC,home,Tennessee,SEC,fbs,True,False,27,13,True,6,1,0,0,2,0,0,0,8,3,0,0,True,1,1
401405127,2022,10,regular,Illinois,356,Big Ten,home,Michigan State,Big Ten,fbs,True,False,15,23,True,1,1,0,0,0,0,0,0,8,3,1,0,True,0,1
401405132,2022,10,regular,Indiana,84,Big Ten,home,Penn State,Big Ten,fbs,True,False,14,45,True,1,1,0,0,0,0,0,0,3,2,0,0,True,0,1
401405130,2022,10,regular,Iowa,2294,Big Ten,away,Purdue,Big Ten,fbs,True,False,24,3,True,3,2,0,0,0,0,0,0,5,6,1,0,True,0,2
401403936,2022,10,regular,Kentucky,96,SEC,away,Missouri,SEC,fbs,True,False,21,17,True,2,0,0,0,2,0,0,0,9,2,0,0,True,2,0
401403934,2022,10,regular,LSU,99,SEC,home,Alabama,SEC,fbs,True,False,32,31,True,2,1,0,0,0,0,0,0,4,6,10,0,True,0,1
401405131,2022,10,regular,Maryland,120,Big Ten,away,Wisconsin,Big Ten,fbs,True,False,10,23,True,3,0,0,0,0,0,0,0,5,4,0,0,True,0,0
401405133,2022,10,regular,Michigan,130,Big Ten,away,Rutgers,Big Ten,fbs,True,False,52,17,True,3,3,81,1,0,1,0,0,7,4,1,0,True,0,3
401405127,2022,10,regular,Michigan State,127,Big Ten,away,Illinois,Big Ten,fbs,True,False,23,15,True,3,0,0,0,1,0,0,0,9,1,1,0,True,1,0
401405128,2022,10,regular,Minnesota,135,Big Ten,away,Nebraska,Big Ten,fbs,True,False,20,13,True,4,1,8,0,0,0,0,0,5,4,3,0,True,0,1
401403935,2022,10,regular,Mississippi State,344,SEC,home,Auburn,SEC,fbs,True,False,39,33,True,4,0,0,0,1,1,1,0,10,4,2,0,True,1,0
401403936,2022,10,regular,Missouri,142,SEC,home,Kentucky,SEC,fbs,True,False,17,21,True,6,0,0,0,0,0,0,0,11,3,0,0,True,0,0
401405128,2022,10,regular,Nebraska,158,Big Ten,home,Minnesota,Big Ten,fbs,True,False,13,20,True,3,0,0,0,0,0,0,0,8,2,3,0,True,0,0
401405129,2022,10,regular,Northwestern,77,Big Ten,home,Ohio State,Big Ten,fbs,True,False,7,21,True,0,0,0,0,1,0,0,0,2,5,1,0,True,0,0
401405129,2022,10,regular,Ohio State,194,Big Ten,away,Northwestern,Big Ten,fbs,True,False,21,7,True,0,0,0,0,0,0,0,0,4,2,1,0,True,0,0
401405132,2022,10,regular,Penn State,213,Big Ten,away,Indiana,Big Ten,fbs,True,False,45,14,True,6,3,38,0,0,0,0,0,16,3,4,0,True,0,3
401405130,2022,10,regular,Purdue,2509,Big Ten,home,Iowa,Big Ten,fbs,True,False,3,24,True,3,0,0,0,0,0,0,0,7,2,2,0,True,0,0
401405133,2022,10,regular,Rutgers,164,Big Ten,home,Michigan,Big Ten,fbs,True,False,17,52,True,1,0,0,0,0,1,0,1,4,7,1,0,True,0,0
401403938,2022,10,regular,South Carolina,2579,SEC,away,Vanderbilt,SEC,fbs,True,False,38,27,True,2,2,5,0,2,0,0,0,6,3,4,0,True,2,2
401403933,2022,10,regular,Tennessee,2633,SEC,away,Georgia,SEC,fbs,True,False,13,27,True,0,0,0,0,4,0,0,0,6,3,0,0,True,2,0
401403937,2022,10,regular,Texas A&M,245,SEC,home,Florida,SEC,fbs,True,False,24,41,True,1,0,0,0,0,0,0,0,8,5,1,0,True,0,0
401403938,2022,10,regular,Vanderbilt,238,SEC,home,South Carolina,SEC,fbs,True,False,27,38,True,1,0,0,0,1,0,0,0,5,1,3,0,True,1,0
401405131,2022,10,regular,Wisconsin,275,Big Ten,home,Maryland,Big Ten,fbs,True,False,23,10,True,5,1,9,0,0,0,0,0,7,4,3,0,True,0,1
401403943,2022,11,regular,Alabama,333,SEC,away,Ole Miss,SEC,fbs,True,False,30,24,True,3,0,0,0,2,0,0,0,7,8,3,0,True,1,0
401403939,2022,11,regular,Arkansas,8,SEC,home,LSU,SEC,fbs,True,False,10,13,True,7,1,5,0,2,0,0,0,8,4,1,0,True,1,1
401403940,2022,11,regular,Auburn,2,SEC,home,Texas A&M,SEC,fbs,True,False,13,10,True,3,0,0,0,2,0,0,0,6,4,6,0,True,1,0
401403941,2022,11,regular,Florida,57,SEC,home,South Carolina,SEC,fbs,True,False,38,6,True,3,0,0,0,6,0,0,0,7,1,6,0,True,3,0
401403944,2022,11,regular,Georgia,61,SEC,away,Mississippi State,SEC,fbs,True,False,45,19,True,1,0,0,0,0,0,0,0,5,5,3,0,True,0,0
401405134,2022,11,regular,Illinois,356,Big Ten,home,Purdue,Big Ten,fbs,True,False,24,31,True,0,1,16,0,0,0,0,0,4,4,2,0,True,0,1
401405139,2022,11,regular,Indiana,84,Big Ten,away,Ohio State,Big Ten,fbs,True,False,14,56,True,0,0,0,0,1,0,0,0,4,5,1,0,True,1,0
401405135,2022,11,regular,Iowa,2294,Big Ten,home,Wisconsin,Big Ten,fbs,True,False,24,10,True,4,2,32,1,2,1,0,0,9,3,3,0,True,1,2
401403942,2022,11,regular,Kentucky,96,SEC,home,Vanderbilt,SEC,fbs,True,False,21,24,True,1,1,0,0,2,0,0,0,3,2,6,0,True,1,1
401403939,2022,11,regular,LSU,99,SEC,away,Arkansas,SEC,fbs,True,False,13,10,True,5,0,0,0,4,0,0,0,9,4,2,0,True,2,0
401405140,2022,11,regular,Maryland,120,Big Ten,away,Penn State,Big Ten,fbs,True,False,0,30,True,0,0,0,0,2,0,0,0,3,1,3,0,True,1,0
401405137,2022,11,regular,Michigan,130,Big Ten,home,Nebraska,Big Ten,fbs,True,False,34,3,True,2,0,0,0,0,1,0,0,2,3,2,0,True,0,0
401405138,2022,11,regular,Michigan State,127,Big Ten,home,Rutgers,Big Ten,fbs,True,False,27,21,True,3,0,0,0,0,0,0,0,6,5,7,0,True,0,0
401405136,2022,11,regular,Minnesota,135,Big Ten,home,Northwestern,Big Ten,fbs,True,False,31,3,True,2,2,19,0,0,0,0,0,4,3,3,0,True,0,2
401403944,2022,11,regular,Mississippi State,344,SEC,home,Georgia,SEC,fbs,True,False,19,45,True,0,2,13,0,0,1,0,1,5,2,4,0,True,0,2
401403945,2022,11,regular,Missouri,142,SEC,away,Tennessee,SEC,fbs,True,False,24,66,True,3,0,0,0,0,0,0,0,6,3,3,0,True,0,0
401405137,2022,11,regular,Nebraska,158,Big Ten,away,Michigan,Big Ten,fbs,True,False,3,34,True,2,0,0,0,0,0,0,0,4,3,2,0,True,0,0
401405136,2022,11,regular,Northwestern,77,Big Ten,away,Minnesota,Big Ten,fbs,True,False,3,31,True,0,0,0,0,2,0,0,0,1,0,0,0,True,1,0
401405139,2022,11,regular,Ohio State,194,Big Ten,home,Indiana,Big Ten,fbs,True,False,56,14,True,4,0,0,0,0,0,0,0,10,6,3,0,True,0,0
401403943,2022,11,regular,Ole Miss,145,SEC,home,Alabama,SEC,fbs,True,False,24,30,True,3,0,0,0,2,0,0,0,5,2,5,0,True,1,0
401405140,2022,11,regular,Penn State,213,Big Ten,home,Maryland,Big Ten,fbs,True,False,30,0,True,7,0,0,0,2,0,0,0,9,6,7,0,True,1,0
401405134,2022,11,regular,Purdue,2509,Big Ten,away,Illinois,Big Ten,fbs,True,False,31,24,True,2,1,0,0,0,0,0,0,5,3,1,0,True,0,1
401405138,2022,11,regular,Rutgers,164,Big Ten,away,Michigan State,Big Ten,fbs,True,False,21,27,True,0,0,0,0,0,0,0,0,1,4,4,0,True,0,0
401403941,2022,11,regular,South Carolina,2579,SEC,away,Florida,SEC,fbs,True,False,6,38,True,3,0,0,0,2,0,0,0,6,2,3,0,True,1,0
401403945,2022,11,regular,Tennessee,2633,SEC,home,Missouri,SEC,fbs,True,False,66,24,True,2,0,0,0,1,0,0,0,7,3,8,0,True,1,0
401403940,2022,11,regular,Texas A&M,245,SEC,away,Auburn,SEC,fbs,True,False,10,13,True,2,2,0,0,2,0,0,0,7,1,2,0,True,1,2
401403942,2022,11,regular,Vanderbilt,238,SEC,away,Kentucky,SEC,fbs,True,False,24,21,True,4,1,0,0,0,0,0,0,6,6,2,0,True,0,1
401405135,2022,11,regular,Wisconsin,275,Big Ten,away,Iowa,Big Ten,fbs,True,False,10,24,True,6,0,0,0,2,0,0,0,12,2,1,0,True,1,0
401403946,2022,12,regular,Alabama,333,SEC,home,Austin Peay,Atlantic Sun,fcs,False,False,34,0,True,0,2,26,0,1,0,0,0,4,4,2,0,True,1,2
401403947,2022,12,regular,Arkansas,8,SEC,home,Ole Miss,SEC,fbs,True,False,42,27,True,2,1,13,0,4,0,0,0,6,2,4,0,True,2,1
401426613,2022,12,regular,Auburn,2,SEC,home,Western Kentucky,Conference USA,fbs,False,False,41,17,True,2,2,24,1,0,1,0,0,5,10,1,0,True,0,2
401403955,2022,12,regular,Florida,57,SEC,away,Vanderbilt,SEC,fbs,True,False,24,31,True,1,1,0,0,1,0,0,0,5,3,1,0,True,1,1
401403949,2022,12,regular,Georgia,61,SEC,away,Kentucky,SEC,fbs,True,False,16,6,True,1,1,45,0,0,0,0,0,5,2,1,0,True,0,1
401405145,2022,12,regular,Illinois,356,Big Ten,away,Michigan,Big Ten,fbs,True,False,17,19,True,0,0,0,0,1,0,0,0,6,5,3,0,True,1,0
401405146,2022,12,regular,Indiana,84,Big Ten,away,Michigan State,Big Ten,fbs,True,False,39,31,True,0,1,0,0,0,1,1,0,4,5,6,0,True,0,1
401405141,2022,12,regular,Iowa,2294,Big Ten,away,Minnesota,Big Ten,fbs,True,False,13,10,True,0,1,30,0,2,0,0,0,2,3,1,0,True,1,1
401403949,2022,12,regular,Kentucky,96,SEC,home,Georgia,SEC,fbs,True,False,6,16,True,0,1,0,0,0,0,0,0,0,0,2,0,True,0,1
401426612,2022,12,regular,LSU,99,SEC,home,UAB,Conference USA,fbs,False,False,41,10,True,1,0,0,0,0,0,0,0,5,5,1,0,True,0,0
401405144,2022,12,regular,Maryland,120,Big Ten,home,Ohio State,Big Ten,fbs,True,False,30,43,True,0,0,0,0,0,0,0,0,4,3,0,0,True,0,0
401405145,2022,12,regular,Michigan,130,Big Ten,home,Illinois,Big Ten,fbs,True,False,19,17,True,0,0,0,0,0,0,0,0,1,1,1,0,True,0,0
401405146,2022,12,regular,Michigan State,127,Big Ten,home,Indiana,Big Ten,fbs,True,False,31,39,True,3,0,0,0,0,0,0,0,7,2,2,0,True,0,0
401405141,2022,12,regular,Minnesota,135,Big Ten,home,Iowa,Big Ten,fbs,True,False,10,13,True,1,0,0,0,0,0,0,0,1,2,0,0,True,0,0
401403951,2022,12,regular,Mississippi State,344,SEC,home,East Tennessee State,Southern,fcs,False,False,56,7,True,1,3,82,1,0,1,0,0,7,3,0,0,True,0,3
401403952,2022,12,regular,Missouri,142,SEC,home,New Mexico State,FBS Independents,fbs,False,False,45,14,True,2,2,40,1,0,1,0,0,7,5,3,0,True,0,2
401405142,2022,12,regular,Nebraska,158,Big Ten,home,Wisconsin,Big Ten,fbs,True,False,14,15,True,1,1,23,0,0,0,0,0,4,2,0,0,True,0,1
401405143,2022,12,regular,Northwestern,77,Big Ten,away,Purdue,Big Ten,fbs,True,False,9,17,True,1,0,0,0,0,0,0,0,3,0,0,0,True,0,0
401405144,2022,12,regular,Ohio State,194,Big Ten,away,Maryland,Big Ten,fbs,True,False,43,30,True,5,0,0,0,2,0,0,0,8,2,0,0,True,1,0
401403947,2022,12,regular,Ole Miss,145,SEC,away,Arkansas,SEC,fbs,True,False,27,42,True,1,0,0,0,0,0,0,0,8,2,1,0,True,0,0
401405147,2022,12,regular,Penn State,213,Big Ten,away,Rutgers,Big Ten,fbs,True,False,55,10,True,4,1,10,0,2,1,1,0,15,2,3,0,True,2,1
401405143,2022,12,regular,Purdue,2509,Big Ten,home,Northwestern,Big Ten,fbs,True,False,17,9,True,2,1,29,0,4,0,0,0,4,3,2,0,True,2,1
401405147,2022,12,regular,Rutgers,164,Big Ten,home,Penn State,Big Ten,fbs,True,False,10,55,True,2,0,0,0,1,0,0,0,5,6,3,0,True,1,0
401403953,2022,12,regular,South Carolina,2579,SEC,home,Tennessee,SEC,fbs,True,False,63,38,True,1,0,0,0,1,0,0,0,3,5,1,0,True,1,0
401403953,2022,12,regular,Tennessee,2633,SEC,away,South Carolina,SEC,fbs,True,False,38,63,True,1,0,0,0,0,0,0,0,9,3,2,0,True,0,0
401403954,2022,12,regular,Texas A&M,245,SEC,home,Massachusetts,FBS Independents,fbs,False,False,20,3,True,2,0,0,0,2,0,0,0,6,2,6,0,True,1,0
401403955,2022,12,regular,Vanderbilt,238,SEC,home,Florida,SEC,fbs,True,False,31,24,True,0,1,0,0,2,0,0,0,2,3,5,0,True,1,1
401405142,2022,12,regular,Wisconsin,275,Big Ten,away,Nebraska,Big Ten,fbs,True,False,15,14,True,3,0,0,0,0,0,0,0,9,2,2,0,True,0,0
401403957,2022,13,regular,Alabama,333,SEC,home,Auburn,SEC,fbs,True,False,49,27,True,4,0,0,0,2,0,0,0,8,1,8,0,True,2,0
401403961,2022,13,regular,Arkansas,8,SEC,away,Missouri,SEC,fbs,True,False,27,29,True,2,0,0,0,0,0,0,0,6,6,0,0,True,0,0
401403957,2022,13,regular,Auburn,2,SEC,away,Alabama,SEC,fbs,True,False,27,49,True,0,1,0,0,0,0,0,0,3,1,2,0,True,0,1
401403958,2022,13,regular,Florida,57,SEC,away,Florida State,ACC,fbs,False,False,38,45,True,2,0,0,0,1,0,0,0,7,7,1,0,True,1,0
401403959,2022,13,regular,Georgia,61,SEC,home,Georgia Tech,ACC,fbs,False,False,37,14,True,4,0,0,0,2,0,0,0,11,3,0,0,True,1,0
401405149,2022,13,regular,Illinois,356,Big Ten,away,Northwestern,Big Ten,fbs,True,False,41,3,True,2,5,96,1,1,1,0,0,11,3,5,0,True,1,5
401405151,2022,13,regular,Indiana,84,Big Ten,home,Purdue,Big Ten,fbs,True,False,16,30,True,3,0,0,0,0,0,0,0,4,3,1,0,True,0,0
401405148,2022,13,regular,Iowa,2294,Big Ten,home,Nebraska,Big Ten,fbs,True,False,17,24,True,2,0,0,0,2,0,0,0,7,2,1,0,True,1,0
401403960,2022,13,regular,Kentucky,96,SEC,home,Louisville,ACC,fbs,False,False,26,13,True,4,2,53,0,2,0,0,0,6,3,5,0,True,1,2
401403963,2022,13,regular,LSU,99,SEC,away,Texas A&M,SEC,fbs,True,False,23,38,True,0,0,0,0,0,0,0,0,4,2,2,0,True,0,0
401405152,2022,13,regular,Maryland,120,Big Ten,home,Rutgers,Big Ten,fbs,True,False,37,0,True,3,0,0,0,2,0,0,0,6,0,0,0,True,1,0
401405153,2022,13,regular,Michigan,130,Big Ten,away,Ohio State,Big Ten,fbs,True,False,45,23,True,1,2,8,0,0,0,0,0,3,7,0,0,True,0,2
401405154,2022,13,regular,Michigan State,127,Big Ten,away,Penn State,Big Ten,fbs,True,False,16,35,True,3,0,0,0,0,0,0,0,8,0,4,0,True,0,0
401405150,2022,13,regular,Minnesota,135,Big Ten,away,Wisconsin,Big Ten,fbs,True,False,23,16,True,0,1,28,0,0,0,0,0,0,2,1,0,True,0,1
401403956,2022,13,regular,Mississippi State,344,SEC,away,Ole Miss,SEC,fbs,True,False,24,22,True,2,0,0,0,2,0,0,0,15,4,4,0,True,1,0
401403961,2022,13,regular,Missouri,142,SEC,home,Arkansas,SEC,fbs,True,False,29,27,True,7,1,1,0,2,0,0,0,10,2,0,0,True,1,1
401405148,2022,13,regular,Nebraska,158,Big Ten,away,Iowa,Big Ten,fbs,True,False,24,17,True,3,1,0,0,6,0,0,0,7,3,6,0,True,3,1
401405149,2022,13,regular,Northwestern,77,Big Ten,home,Illinois,Big Ten,fbs,True,False,3,41,True,3,1,0,0,0,0,0,0,7,0,0,0,True,0,1
401405153,2022,13,regular,Ohio State,194,Big Ten,home,Michigan,Big Ten,fbs,True,False,23,45,True,1,0,0,0,0,0,0,0,5,5,2,0,True,0,0
401403956,2022,13,regular,Ole Miss,145,SEC,home,Mississippi State,SEC,fbs,True,False,22,24,True,4,1,1,0,4,0,0,0,5,4,2,0,True,2,1
401405154,2022,13,regular,Penn State,213,Big Ten,home,Michigan State,Big Ten,fbs,True,False,35,16,True,3,1,0,0,4,0,0,0,7,10,6,0,True,2,1
401405151,2022,13,regular,Purdue,2509,Big Ten,away,Indiana,Big Ten,fbs,True,False,30,16,True,3,1,8,1,0,1,0,0,6,6,3,0,True,0,1
401405152,2022,13,regular,Rutgers,164,Big Ten,away,Maryland,Big Ten,fbs,True,False,0,37,True,5,0,0,0,4,0,0,0,11,8,0,0,True,2,0
401403962,2022,13,regular,South Carolina,2579,SEC,away,Clemson,ACC,fbs,False,False,31,30,True,1,1,0,0,2,0,0,0,2,5,3,0,True,2,1
401403964,2022,13,regular,Tennessee,2633,SEC,away,Vanderbilt,SEC,fbs,True,False,56,0,True,3,0,0,0,1,1,0,1,13,7,4,0,True,1,0
401403963,2022,13,regular,Texas A&M,245,SEC,home,LSU,SEC,fbs,True,False,38,23,True,1,0,0,0,2,0,0,0,2,3,3,0,True,1,0
401403964,2022,13,regular,Vanderbilt,238,SEC,home,Tennessee,SEC,fbs,True,False,0,56,True,0,0,0,0,0,0,0,0,3,1,2,0,True,0,0
401405150,2022,13,regular,Wisconsin,275,Big Ten,home,Minnesota,Big Ten,fbs,True,False,16,23,True,3,0,0,0,0,0,0,0,8,2,3,0,True,0,0
401437036,2022,14,regular,Georgia,61,SEC,home,LSU,SEC,fbs,True,True,50,30,True,4,2,3,0,1,1,0,0,4,2,0,0,True,1,2
401437036,2022,14,regular,LSU,99,SEC,away,Georgia,SEC,fbs,True,True,30,50,True,0,0,0,0,1,0,0,0,6,0,1,0,True,1,0
401437031,2022,14,regular,Michigan,130,Big Ten,home,Purdue,Big Ten,fbs,True,True,43,22,True,4,2,0,0,0,0,0,0,4,5,0,0,True,0,2
401437031,2022,14,regular,Purdue,2509,Big Ten,away,Michigan,Big Ten,fbs,True,True,22,43,True,0,1,0,0,0,0,0,0,0,1,0,0,True,0,1
401442018,2022,1,postseason,Alabama,333,SEC,away,Kansas State,Big 12,fbs,False,True,45,20,True,2,2,2,0,0,0,0,0,2,2,0,0,True,0,2
401442030,2022,1,postseason,Arkansas,8,SEC,home,Kansas,Big 12,fbs,False,True,55,53,True,0,2,17,0,1,0,0,0,0,0,0,0,True,1,2
401441999,2022,1,postseason,Florida,57,SEC,away,Oregon State,Pac-12,fbs,False,True,3,30,True,2,0,0,0,0,0,0,0,2,0,0,0,True,0,0
401442015,2022,1,postseason,Georgia,61,SEC,home,Ohio State,Big Ten,fbs,False,True,42,41,True,4,0,0,0,0,0,0,0,4,0,0,0,True,0,0
401442010,2022,1,postseason,Georgia,61,SEC,home,TCU,Big 12,fbs,False,True,65,7,True,5,2,3,0,1,0,0,0,5,2,0,0,True,1,2
401442011,2022,1,postseason,Illinois,356,Big Ten,home,Mississippi State,SEC,fbs,False,True,10,19,True,0,2,17,0,0,0,0,0,0,2,0,0,True,0,2
401442017,2022,1,postseason,Iowa,2294,Big Ten,away,Kentucky,SEC,fbs,False,True,21,0,True,4,2,66,2,0,2,0,0,4,2,0,0,True,0,2
401442017,2022,1,postseason,Kentucky,96,SEC,home,Iowa,Big Ten,fbs,False,True,0,21,True,1,0,0,0,0,0,0,0,1,0,0,0,True,0,0
401442012,2022,1,postseason,LSU,99,SEC,away,Purdue,Big Ten,fbs,False,True,63,7,True,0,3,122,1,0,0,0,0,0,0,0,0,True,0,3
401442035,2022,1,postseason,Maryland,120,Big Ten,away,NC State,ACC,fbs,False,True,16,12,True,0,2,2,0,0,0,0,0,0,2,0,0,True,0,2
401442016,2022,1,postseason,Michigan,130,Big Ten,home,TCU,Big 12,fbs,False,True,45,51,True,1,2,8,0,1,0,0,0,1,2,0,0,True,1,2
401442032,2022,1,postseason,Minnesota,135,Big Ten,home,Syracuse,ACC,fbs,False,True,28,20,True,2,1,70,1,0,1,0,0,2,1,0,0,True,0,1
401442011,2022,1,postseason,Mississippi State,344,SEC,away,Illinois,Big Ten,fbs,False,True,19,10,True,7,0,0,0,0,0,0,0,7,0,0,0,True,0,0
401442007,2022,1,postseason,Missouri,142,SEC,home,Wake Forest,ACC,fbs,False,True,17,27,True,0,1,0,0,0,0,0,0,0,0,0,0,True,0,1
401442015,2022,1,postseason,Ohio State,194,Big Ten,away,Georgia,SEC,fbs,False,True,41,42,True,2,1,15,0,0,0,0,0,2,1,0,0,True,0,1
401442031,2022,1,postseason,Ole Miss,145,SEC,home,Texas Tech,Big 12,fbs,False,True,25,42,True,0,1,0,0,2,0,0,0,0,0,0,0,True,2,1
401442014,2022,1,postseason,Penn State,213,Big Ten,away,Utah,Pac-12,fbs,False,True,35,21,True,6,2,22,0,0,0,0,0,6,3,0,0,True,0,2
401442012,2022,1,postseason,Purdue,2509,Big Ten,home,LSU,SEC,fbs,False,True,7,63,True,0,1,0,0,0,0,0,0,0,0,0,0,True,0,1
401442036,2022,1,postseason,South Carolina,2579,SEC,home,Notre Dame,FBS Independents,fbs,False,True,38,45,True,2,3,142,2,0,2,0,0,2,3,0,0,True,0,3
401442019,2022,1,postseason,Tennessee,2633,SEC,away,Clemson,ACC,fbs,False,True,31,14,True,4,2,0,0,0,0,0,0,4,2,0,0,True,0,2
401442005,2022,1,postseason,Wisconsin,275,Big Ten,away,Oklahoma State,Big 12,fbs,False,True,24,17,True,1,2,21,0,0,0,0,0,1,2,0,0,True,0,2
401520149,2023,1,regular,Alabama,333,SEC,home,Middle Tennessee,Conference USA,fbs,False,False,56,7,True,3,1,13,0,1,0,0,0,7,1,6,0,True,1,1
401520150,2023,1,regular,Arkansas,8,SEC,home,Western Carolina,Southern,fcs,False,True,56,13,True,2,4,101,1,1,1,0,0,10,2,1,0,True,1,4
401520151,2023,1,regular,Auburn,2,SEC,home,Massachusetts,FBS Independents,fbs,False,False,59,14,True,4,1,50,1,1,1,0,0,7,0,6,0,True,1,1
401520176,2023,1,regular,Florida,57,SEC,away,Utah,Pac-12,fbs,False,False,11,24,True,0,0,0,0,0,0,0,0,4,2,2,0,True,0,0
401520154,2023,1,regular,Georgia,61,SEC,home,UT Martin,Big South-OVC,fcs,False,False,48,7,True,1,1,26,1,0,1,0,0,4,2,0,0,True,0,1
401520155,2023,1,regular,Illinois,356,Big Ten,home,Toledo,Mid-American,fbs,False,False,30,28,True,1,1,48,1,0,1,0,0,5,3,1,0,True,0,1
401520156,2023,1,regular,Indiana,84,Big Ten,home,Ohio State,Big Ten,fbs,True,False,3,23,True,0,1,11,0,0,0,0,0,5,8,0,0,True,0,1
401520157,2023,1,regular,Iowa,2294,Big Ten,home,Utah State,Mountain West,fbs,False,False,24,14,True,1,1,0,0,0,0,0,0,4,4,4,0,True,0,1
401520159,2023,1,regular,Kentucky,96,SEC,home,Ball State,Mid-American,fbs,False,False,44,14,True,3,0,0,0,2,1,1,0,8,1,1,0,True,2,0
401520182,2023,1,regular,LSU,99,SEC,away,Florida State,ACC,fbs,False,True,24,45,True,0,1,2,0,0,0,0,0,4,2,4,0,True,0,1
401520161,2023,1,regular,Maryland,120,Big Ten,home,Towson,Coastal Athletic,fcs,False,False,38,6,True,2,0,0,0,0,0,0,0,3,2,1,0,True,0,0
401520162,2023,1,regular,Michigan,130,Big Ten,home,East Carolina,American Athletic,fbs,False,False,30,3,True,0,1,7,0,0,0,0,0,4,2,3,0,True,0,1
401520163,2023,1,regular,Michigan State,127,Big Ten,home,Central Michigan,Mid-American,fbs,False,False,31,7,True,3,1,2,0,0,0,0,0,10,5,3,0,True,0,1
401520148,2023,1,regular,Minnesota,135,Big Ten,home,Nebraska,Big Ten,fbs,True,False,13,10,True,3,3,14,0,1,0,0,0,5,3,5,0,True,1,3
401520164,2023,1,regular,Mississippi State,344,SEC,home,SE Louisiana,Southland,fcs,False,False,48,7,True,3,0,0,0,1,1,0,1,3,2,5,0,True,1,0
401520165,2023,1,regular,Missouri,142,SEC,home,South Dakota,MVFC,fcs,False,False,35,10,True,2,0,0,0,0,0,0,0,5,1,1,0,True,0,0
401520148,2023,1,regular,Nebraska,158,Big Ten,away,Minnesota,Big Ten,fbs,True,False,10,13,True,3,1,0,0,0,0,0,0,5,4,3,0,True,0,1
401520171,2023,1,regular,Northwestern,77,Big Ten,away,Rutgers,Big Ten,fbs,True,False,7,24,True,0,0,0,0,1,0,0,0,2,2,1,0,True,1,0
401520156,2023,1,regular,Ohio State,194,Big Ten,away,Indiana,Big Ten,fbs,True,False,23,3,True,1,0,0,0,0,0,0,0,6,4,0,0,True,0,0
401520168,2023,1,regular,Ole Miss,145,SEC,home,Mercer,Southern,fcs,False,False,73,7,True,4,1,19,0,2,1,0,1,11,4,6,0,True,2,1
401520169,2023,1,regular,Penn State,213,Big Ten,home,West Virginia,Big 12,fbs,False,False,38,15,True,3,0,0,0,0,0,0,0,6,2,3,0,True,0,0
401520170,2023,1,regular,Purdue,2509,Big Ten,home,Fresno State,Mountain West,fbs,False,False,35,39,True,2,1,0,0,0,1,1,0,4,3,2,0,True,0,1
401520171,2023,1,regular,Rutgers,164,Big Ten,home,Northwestern,Big Ten,fbs,True,False,24,7,True,5,2,0,0,0,0,0,0,8,5,2,0,True,0,2
401520167,2023,1,regular,South Carolina,2579,SEC,away,North Carolina,ACC,fbs,False,True,17,31,True,0,2,22,0,0,0,0,0,1,1,2,0,True,0,2
401520179,2023,1,regular,Tennessee,2633,SEC,home,Virginia,ACC,fbs,False,True,49,13,True,4,0,0,0,0,0,0,0,11,5,2,0,True,0,0
401520173,2023,1,regular,Texas A&M,245,SEC,home,New Mexico,Mountain West,fbs,False,False,52,10,True,2,1,0,0,0,0,0,0,10,5,5,0,True,0,1
401520147,2023,1,regular,Vanderbilt,238,SEC,home,Hawai'i,Mountain West,fbs,False,False,35,28,True,3,2,9,0,0,1,1,0,8,4,4,0,True,0,2
401520178,2023,1,regular,Vanderbilt,238,SEC,home,Alabama A&M,SWAC,fcs,False,False,47,13,True,2,1,5,0,0,0,0,0,7,2,3,0,True,0,1
401520180,2023,1,regular,Wisconsin,275,Big Ten,home,Buffalo,Mid-American,fbs,False,False,38,17,True,0,0,0,0,0,0,0,0,3,2,5,0,True,0,0
401520183,2023,2,regular,Alabama,333,SEC,home,Texas,Big 12,fbs,False,False,24,34,True,0,0,0,0,0,0,0,0,2,5,3,0,True,0,0
401520184,2023,2,regular,Arkansas,8,SEC,home,Kent State,Mid-American,fbs,False,False,28,6,True,7,1,25,1,0,1,0,0,11,2,1,0,True,0,1
401520186,2023,2,regular,Auburn,2,SEC,away,California,Pac-12,fbs,False,False,14,10,True,2,2,25,0,1,0,0,0,4,3,3,0,True,1,2
401520190,2023,2,regular,Florida,57,SEC,home,McNeese,Southland,fcs,False,False,49,7,True,2,0,0,0,0,0,0,0,7,3,0,1,True,0,0
401520191,2023,2,regular,Georgia,61,SEC,home,Ball State,Mid-American,fbs,False,False,45,3,True,0,3,10,0,0,1,0,1,6,4,0,0,True,0,3
401520195,2023,2,regular,Illinois,356,Big Ten,away,Kansas,Big 12,fbs,False,False,23,34,True,2,1,0,0,1,0,0,0,5,1,3,0,True,1,1
401520193,2023,2,regular,Indiana,84,Big Ten,home,Indiana State,MVFC,fcs,False,False,41,7,True,4,1,0,0,0,0,0,0,7,1,2,0,True,0,1
401520194,2023,2,regular,Iowa,2294,Big Ten,away,Iowa State,Big 12,fbs,False,False,20,13,True,0,1,30,1,0,1,0,0,5,7,3,0,True,0,1
401520196,2023,2,regular,Kentucky,96,SEC,home,Eastern Kentucky,UAC,fcs,False,False,28,17,True,2,1,0,0,1,0,0,0,5,1,3,0,True,1,1
401520199,2023,2,regular,LSU,99,SEC,home,Grambling,SWAC,fcs,False,False,72,10,True,1,1,0,0,1,0,0,0,5,6,4,1,True,1,1
401520200,2023,2,regular,Maryland,120,Big Ten,home,Charlotte,American Athletic,fbs,False,False,38,20,True,3,1,19,0,1,0,0,0,6,2,0,0,True,1,1
401520202,2023,2,regular,Michigan,130,Big Ten,home,UNLV,Mountain West,fbs,False,False,35,7,True,5,0,0,0,0,0,0,0,10,3,1,0,True,0,0
401520203,2023,2,regular,Michigan State,127,Big Ten,home,Richmond,Coastal Athletic,fcs,False,False,45,14,True,7,0,0,0,1,0,0,0,13,4,3,0,True,1,0
401520204,2023,2,regular,Minnesota,135,Big Ten,home,Eastern Michigan,Mid-American,fbs,False,False,25,6,True,4,1,19,0,0,0,0,0,5,3,2,0,True,0,1
401520205,2023,2,regular,Mississippi State,344,SEC,home,Arizona,Pac-12,fbs,False,False,31,24,True,1,4,49,0,1,0,0,0,9,8,3,0,True,1,4
401520206,2023,2,regular,Missouri,142,SEC,home,Middle Tennessee,Conference USA,fbs,False,False,23,19,True,4,0,0,0,0,0,0,0,12,5,5,0,True,0,0
401520188,2023,2,regular,Nebraska,158,Big Ten,away,Colorado,Pac-12,fbs,False,False,14,36,True,8,0,0,0,1,0,0,0,11,2,4,0,True,1,0
401520207,2023,2,regular,Northwestern,77,Big Ten,home,UTEP,Conference USA,fbs,False,False,38,7,True,4,3,28,0,0,0,0,0,9,3,2,0,True,0,3
401520208,2023,2,regular,Ohio State,194,Big Ten,home,Youngstown State,MVFC,fcs,False,False,35,7,True,2,1,0,0,0,0,0,0,3,2,0,0,True,0,1
401520214,2023,2,regular,Ole Miss,145,SEC,away,Tulane,American Athletic,fbs,False,False,37,20,True,4,1,44,0,1,0,0,0,6,6,3,0,True,1,1
401520209,2023,2,regular,Penn State,213,Big Ten,home,Delaware,CAA,fcs,False,False,63,7,True,4,1,26,1,1,1,0,0,7,1,7,0,True,1,1
401520215,2023,2,regular,Purdue,2509,Big Ten,away,Virginia Tech,ACC,fbs,False,False,24,17,True,3,2,5,0,0,0,0,0,9,2,8,0,True,0,2
401520210,2023,2,regular,Rutgers,164,Big Ten,home,Temple,American Athletic,fbs,False,False,36,7,True,1,2,39,0,0,0,0,0,2,13,6,0,True,0,2
401520212,2023,2,regular,South Carolina,2579,SEC,home,Furman,Southern,fcs,False,False,47,21,True,3,1,3,0,0,0,0,0,4,5,2,0,True,0,1
401520213,2023,2,regular,Tennessee,2633,SEC,home,Austin Peay,UAC,fcs,False,False,30,13,True,7,1,0,0,1,0,0,0,14,6,2,0,True,1,1
401520201,2023,2,regular,Texas A&M,245,SEC,away,Miami,ACC,fbs,False,False,33,48,True,2,0,0,0,1,0,0,0,6,4,0,0,True,1,0
401520216,2023,2,regular,Vanderbilt,238,SEC,away,Wake Forest,ACC,fbs,False,False,20,36,True,2,0,0,0,1,0,0,0,2,5,1,0,True,1,0
401520217,2023,2,regular,Wisconsin,275,Big Ten,away,Washington State,Pac-12,fbs,False,False,22,31,True,4,0,0,0,0,0,0,0,9,4,5,0,True,0,0
401520244,2023,3,regular,Alabama,333,SEC,away,South Florida,American Athletic,fbs,False,False,17,3,True,5,1,0,0,1,0,0,0,10,3,1,0,True,1,1
401520220,2023,3,regular,Arkansas,8,SEC,home,BYU,Big 12,fbs,False,False,31,38,True,3,0,0,0,1,1,0,1,9,5,4,0,True,1,0
401520221,2023,3,regular,Auburn,2,SEC,home,Samford,Southern,fcs,False,False,45,13,True,2,2,12,0,0,0,0,0,7,6,2,0,True,0,2
401520224,2023,3,regular,Florida,57,SEC,home,Tennessee,SEC,fbs,True,False,29,16,True,1,1,39,0,0,0,0,0,3,4,3,0,True,0,1
401520225,2023,3,regular,Georgia,61,SEC,home,South Carolina,SEC,fbs,True,False,24,14,True,3,2,0,0,0,0,0,0,7,7,0,0,True,0,2
401520226,2023,3,regular,Illinois,356,Big Ten,home,Penn State,Big Ten,fbs,True,False,13,30,True,1,0,0,0,0,0,0,0,4,6,3,0,True,0,0
401520230,2023,3,regular,Indiana,84,Big Ten,home,Louisville,ACC,fbs,False,True,14,21,True,2,1,0,0,0,0,0,0,4,3,3,0,True,0,1
401520227,2023,3,regular,Iowa,2294,Big Ten,home,Western Michigan,Mid-American,fbs,False,False,41,10,True,2,0,0,0,1,0,0,0,5,0,3,0,True,1,0
401520228,2023,3,regular,Kentucky,96,SEC,home,Akron,Mid-American,fbs,False,False,35,3,True,5,0,0,0,1,0,0,0,7,6,5,0,True,1,0
401520235,2023,3,regular,LSU,99,SEC,away,Mississippi State,SEC,fbs,True,False,41,14,True,4,0,0,0,0,0,0,0,7,4,4,0,True,0,0
401520231,2023,3,regular,Maryland,120,Big Ten,home,Virginia,ACC,fbs,False,False,42,14,True,2,3,0,0,1,1,1,0,5,0,0,0,True,1,3
401520232,2023,3,regular,Michigan,130,Big Ten,home,Bowling Green,Mid-American,fbs,False,False,31,6,True,3,2,11,0,1,0,0,0,10,1,1,0,True,1,2
401520233,2023,3,regular,Michigan State,127,Big Ten,home,Washington,Pac-12,fbs,False,False,7,41,True,0,1,0,0,0,0,0,0,2,2,9,0,True,0,1
401520239,2023,3,regular,Minnesota,135,Big Ten,away,North Carolina,ACC,fbs,False,False,13,31,True,2,2,17,0,0,0,0,0,5,2,4,0,True,0,2
401520235,2023,3,regular,Mississippi State,344,SEC,home,LSU,SEC,fbs,True,False,14,41,True,2,0,0,0,0,0,0,0,6,2,2,0,True,0,0
401520236,2023,3,regular,Missouri,142,SEC,home,Kansas State,Big 12,fbs,False,False,30,27,True,3,1,3,0,0,0,0,0,4,6,6,0,True,0,1
401520237,2023,3,regular,Nebraska,158,Big Ten,home,Northern Illinois,Mid-American,fbs,False,False,35,11,True,3,1,12,0,0,0,0,0,5,4,3,0,True,0,1
401520223,2023,3,regular,Northwestern,77,Big Ten,away,Duke,ACC,fbs,False,False,14,38,True,2,0,0,0,0,0,0,0,5,1,1,0,True,0,0
401520240,2023,3,regular,Ohio State,194,Big Ten,home,Western Kentucky,Conference USA,fbs,False,False,63,10,True,2,2,58,1,2,1,0,0,8,6,2,0,True,2,2
401520241,2023,3,regular,Ole Miss,145,SEC,home,Georgia Tech,ACC,fbs,False,False,48,23,True,2,0,0,0,0,0,0,0,7,4,7,0,True,0,0
401520226,2023,3,regular,Penn State,213,Big Ten,away,Illinois,Big Ten,fbs,True,False,30,13,True,3,4,39,0,1,0,0,0,7,3,2,0,True,1,4
401520242,2023,3,regular,Purdue,2509,Big Ten,home,Syracuse,ACC,fbs,False,False,20,35,True,4,1,0,0,0,0,0,0,7,5,1,0,True,0,1
401520243,2023,3,regular,Rutgers,164,Big Ten,home,Virginia Tech,ACC,fbs,False,False,35,16,True,4,1,0,0,1,0,0,0,6,2,6,0,True,1,1
401520225,2023,3,regular,South Carolina,2579,SEC,away,Georgia,SEC,fbs,True,False,14,24,True,2,0,0,0,0,0,0,0,5,2,0,0,True,0,0
401520224,2023,3,regular,Tennessee,2633,SEC,away,Florida,SEC,fbs,True,False,16,29,True,1,0,0,0,0,0,0,0,7,0,1,0,True,0,0
401520245,2023,3,regular,Texas A&M,245,SEC,home,UL Monroe,Sun Belt,fbs,False,False,47,3,True,2,0,0,0,0,0,0,0,3,6,1,0,True,0,0
401520247,2023,3,regular,Vanderbilt,238,SEC,away,UNLV,Mountain West,fbs,False,False,37,40,True,2,2,50,1,0,1,0,0,9,1,0,0,True,0,2
401520249,2023,3,regular,Wisconsin,275,Big Ten,home,Georgia Southern,Sun Belt,fbs,False,False,35,14,True,6,5,19,0,1,0,0,0,7,4,5,0,True,1,5
401520250,2023,4,regular,Alabama,333,SEC,home,Ole Miss,SEC,fbs,True,False,24,10,True,5,1,37,0,0,0,0,0,10,4,8,0,True,0,1
401520258,2023,4,regular,Arkansas,8,SEC,away,LSU,SEC,fbs,True,False,31,34,True,2,1,15,0,0,0,0,0,2,2,1,0,True,0,1
401520270,2023,4,regular,Auburn,2,SEC,away,Texas A&M,SEC,fbs,True,False,10,27,True,2,0,0,0,1,0,0,0,4,2,2,0,True,1,0
401520251,2023,4,regular,Florida,57,SEC,home,Charlotte,American Athletic,fbs,False,False,22,7,True,4,0,0,0,0,0,0,0,6,1,10,0,True,0,0
401520252,2023,4,regular,Georgia,61,SEC,home,UAB,American Athletic,fbs,False,False,49,21,True,1,1,0,0,0,0,0,0,5,4,0,0,True,0,1
401520255,2023,4,regular,Illinois,356,Big Ten,home,Florida Atlantic,American Athletic,fbs,False,False,23,17,True,1,1,0,0,0,0,0,0,5,11,5,0,True,0,1
401520256,2023,4,regular,Indiana,84,Big Ten,home,Akron,Mid-American,fbs,False,False,29,27,True,2,3,66,1,0,1,0,0,6,4,1,0,True,0,3
401520265,2023,4,regular,Iowa,2294,Big Ten,away,Penn State,Big Ten,fbs,True,False,0,31,True,0,0,0,0,0,0,0,0,6,0,3,0,True,0,0
401520274,2023,4,regular,Kentucky,96,SEC,away,Vanderbilt,SEC,fbs,True,False,45,28,True,1,3,84,2,0,2,0,0,2,7,8,0,True,0,4
401520258,2023,4,regular,LSU,99,SEC,home,Arkansas,SEC,fbs,True,False,34,31,True,4,2,0,0,0,0,0,0,6,3,3,0,True,0,2
401520261,2023,4,regular,Maryland,120,Big Ten,away,Michigan State,Big Ten,fbs,True,False,31,9,True,3,3,37,0,2,0,0,0,6,5,2,0,True,2,3
401520260,2023,4,regular,Michigan,130,Big Ten,home,Rutgers,Big Ten,fbs,True,False,31,7,True,0,1,71,1,0,1,0,0,3,1,5,0,True,0,1
401520261,2023,4,regular,Michigan State,127,Big Ten,home,Maryland,Big Ten,fbs,True,False,9,31,True,0,1,0,0,0,0,0,0,3,5,7,0,True,0,1
401520264,2023,4,regular,Minnesota,135,Big Ten,away,Northwestern,Big Ten,fbs,True,False,34,37,True,0,0,0,0,1,0,0,0,0,0,0,0,True,1,0
401520267,2023,4,regular,Mississippi State,344,SEC,away,South Carolina,SEC,fbs,True,False,30,37,True,4,0,0,0,1,0,0,0,5,0,0,0,True,1,0
401520259,2023,4,regular,Missouri,142,SEC,home,Memphis,American Athletic,fbs,False,True,34,27,True,3,2,0,0,0,0,0,0,7,4,5,0,True,0,2
401520263,2023,4,regular,Nebraska,158,Big Ten,home,Louisiana Tech,Conference USA,fbs,False,False,28,14,True,0,1,3,0,0,0,0,0,4,4,1,0,True,0,1
401520264,2023,4,regular,Northwestern,77,Big Ten,home,Minnesota,Big Ten,fbs,True,False,37,34,True,0,0,0,0,0,0,0,0,0,0,0,0,True,0,0
401521330,2023,4,regular,Ohio State,194,Big Ten,away,Notre Dame,FBS Independents,fbs,False,False,17,14,True,0,0,0,0,0,0,0,0,2,5,3,0,True,0,0
401520250,2023,4,regular,Ole Miss,145,SEC,away,Alabama,SEC,fbs,True,False,10,24,True,4,1,0,0,0,0,0,0,9,0,1,0,True,0,1
401520265,2023,4,regular,Penn State,213,Big Ten,home,Iowa,Big Ten,fbs,True,False,31,0,True,3,0,0,0,4,0,0,0,5,4,6,0,True,4,0
401520266,2023,4,regular,Purdue,2509,Big Ten,home,Wisconsin,Big Ten,fbs,True,False,17,38,True,1,1,16,0,0,0,0,0,6,4,1,0,True,0,1
401520260,2023,4,regular,Rutgers,164,Big Ten,away,Michigan,Big Ten,fbs,True,False,7,31,True,2,0,0,0,0,0,0,0,2,2,1,0,True,0,0
401520267,2023,4,regular,South Carolina,2579,SEC,home,Mississippi State,SEC,fbs,True,False,37,30,True,4,1,0,0,1,0,0,0,9,8,2,0,True,1,1
401520269,2023,4,regular,Tennessee,2633,SEC,home,UTSA,American Athletic,fbs,False,False,45,14,True,4,2,13,0,1,0,0,0,7,1,6,0,True,1,2
401520270,2023,4,regular,Texas A&M,245,SEC,home,Auburn,SEC,fbs,True,False,27,10,True,7,0,0,0,0,0,0,0,15,3,1,0,True,0,0
401520274,2023,4,regular,Vanderbilt,238,SEC,home,Kentucky,SEC,fbs,True,False,28,45,True,1,2,6,0,0,0,0,0,3,4,3,0,True,0,2
401520266,2023,4,regular,Wisconsin,275,Big Ten,away,Purdue,Big Ten,fbs,True,False,38,17,True,2,2,28,0,1,0,0,0,8,7,0,0,True,1,2
401520285,2023,5,regular,Alabama,333,SEC,away,Mississippi State,SEC,fbs,True,False,40,17,True,4,3,41,1,0,1,0,0,8,2,5,0,True,0,3
401520279,2023,5,regular,Arkansas,8,SEC,home,Texas A&M,SEC,fbs,True,True,22,34,True,0,1,20,1,2,1,0,0,4,4,2,0,True,2,1
401520280,2023,5,regular,Auburn,2,SEC,home,Georgia,SEC,fbs,True,False,20,27,True,0,1,0,0,1,0,0,0,8,4,3,0,True,1,1
401520282,2023,5,regular,Florida,57,SEC,away,Kentucky,SEC,fbs,True,False,14,33,True,0,0,0,0,0,0,0,0,4,4,0,0,True,0,0
401520280,2023,5,regular,Georgia,61,SEC,away,Auburn,SEC,fbs,True,False,27,20,True,3,1,21,0,0,0,0,0,6,4,0,0,True,0,1
401520289,2023,5,regular,Illinois,356,Big Ten,away,Purdue,Big Ten,fbs,True,False,19,44,True,2,0,0,0,1,0,0,0,4,1,0,0,True,1,0
401520283,2023,5,regular,Indiana,84,Big Ten,away,Maryland,Big Ten,fbs,True,False,17,44,True,1,0,0,0,0,0,0,0,4,4,0,0,True,0,0
401520281,2023,5,regular,Iowa,2294,Big Ten,home,Michigan State,Big Ten,fbs,True,False,26,16,True,0,3,0,0,1,1,0,1,4,3,4,0,True,1,3
401520282,2023,5,regular,Kentucky,96,SEC,home,Florida,SEC,fbs,True,False,33,14,True,3,1,21,0,0,0,0,0,9,2,0,0,True,0,1
401520288,2023,5,regular,LSU,99,SEC,away,Ole Miss,SEC,fbs,True,False,49,55,True,0,0,0,0,0,0,0,0,6,6,4,0,True,0,0
401520283,2023,5,regular,Maryland,120,Big Ten,home,Indiana,Big Ten,fbs,True,False,44,17,True,3,1,0,0,0,0,0,0,8,3,1,0,True,0,1
401520286,2023,5,regular,Michigan,130,Big Ten,away,Nebraska,Big Ten,fbs,True,False,45,7,True,4,1,-3,0,0,0,0,0,4,5,4,0,True,0,1
401520281,2023,5,regular,Michigan State,127,Big Ten,away,Iowa,Big Ten,fbs,True,False,16,26,True,1,1,2,0,1,0,0,0,3,3,1,0,True,1,1
401520284,2023,5,regular,Minnesota,135,Big Ten,home,Louisiana,Sun Belt,fbs,False,False,35,24,True,0,2,0,0,0,0,0,0,1,3,5,0,True,0,2
401520285,2023,5,regular,Mississippi State,344,SEC,home,Alabama,SEC,fbs,True,False,17,40,True,4,0,0,0,0,0,0,0,7,0,1,0,True,0,0
401520293,2023,5,regular,Missouri,142,SEC,away,Vanderbilt,SEC,fbs,True,False,38,21,True,1,1,0,0,0,0,0,0,5,3,10,0,True,0,1
401520286,2023,5,regular,Nebraska,158,Big Ten,home,Michigan,Big Ten,fbs,True,False,7,45,True,0,0,0,0,0,0,0,0,1,3,1,0,True,0,0
401520287,2023,5,regular,Northwestern,77,Big Ten,home,Penn State,Big Ten,fbs,True,False,13,41,True,1,0,0,0,1,0,0,0,2,4,3,0,True,1,0
401520288,2023,5,regular,Ole Miss,145,SEC,home,LSU,SEC,fbs,True,False,55,49,True,3,0,0,0,1,0,0,0,4,5,4,0,True,1,0
401520287,2023,5,regular,Penn State,213,Big Ten,away,Northwestern,Big Ten,fbs,True,False,41,13,True,7,1,34,0,0,0,0,0,12,3,6,0,True,0,1
401520289,2023,5,regular,Purdue,2509,Big Ten,home,Illinois,Big Ten,fbs,True,False,44,19,True,5,0,0,0,1,0,0,0,7,3,4,0,True,1,0
401520290,2023,5,regular,Rutgers,164,Big Ten,home,Wagner,NEC,fcs,False,False,52,3,True,3,0,0,0,0,0,0,0,5,0,1,0,True,0,0
401520291,2023,5,regular,South Carolina,2579,SEC,away,Tennessee,SEC,fbs,True,False,20,41,True,1,2,16,0,0,0,0,0,1,3,1,0,True,0,2
401520291,2023,5,regular,Tennessee,2633,SEC,home,South Carolina,SEC,fbs,True,False,41,20,True,6,1,28,1,0,1,0,0,8,5,3,0,True,0,1
401520279,2023,5,regular,Texas A&M,245,SEC,away,Arkansas,SEC,fbs,True,True,34,22,True,7,1,0,1,0,2,0,1,15,4,2,0,True,0,1
401520293,2023,5,regular,Vanderbilt,238,SEC,home,Missouri,SEC,fbs,True,False,21,38,True,0,0,0,0,1,0,0,0,6,2,4,0,True,1,0
401520310,2023,6,regular,Alabama,333,SEC,away,Texas A&M,SEC,fbs,True,False,26,20,True,5,1,0,0,0,0,0,0,6,2,7,1,True,0,1
401520308,2023,6,regular,Arkansas,8,SEC,away,Ole Miss,SEC,fbs,True,False,20,27,True,2,0,0,0,0,0,0,0,8,4,6,0,True,0,0
401520299,2023,6,regular,Florida,57,SEC,home,Vanderbilt,SEC,fbs,True,False,38,14,True,2,0,0,0,1,0,0,0,6,5,6,0,True,1,0
401520300,2023,6,regular,Georgia,61,SEC,home,Kentucky,SEC,fbs,True,False,51,13,True,3,0,0,0,0,0,0,0,4,5,0,0,True,0,0
401520301,2023,6,regular,Illinois,356,Big Ten,home,Nebraska,Big Ten,fbs,True,False,7,20,True,1,1,0,0,2,0,0,0,3,3,4,0,True,2,1
401520302,2023,6,regular,Iowa,2294,Big Ten,home,Purdue,Big Ten,fbs,True,False,20,14,True,6,2,41,0,0,0,0,0,12,3,3,0,True,0,2
401520300,2023,6,regular,Kentucky,96,SEC,away,Georgia,SEC,fbs,True,False,13,51,True,0,1,48,0,0,0,0,0,5,2,0,0,True,0,1
401520305,2023,6,regular,LSU,99,SEC,away,Missouri,SEC,fbs,True,False,49,39,True,2,2,17,1,0,1,0,0,5,2,3,0,True,0,2
401520307,2023,6,regular,Maryland,120,Big Ten,away,Ohio State,Big Ten,fbs,True,False,17,37,True,3,0,0,0,0,0,0,0,5,6,1,0,True,0,0
401520303,2023,6,regular,Michigan,130,Big Ten,away,Minnesota,Big Ten,fbs,True,False,52,10,True,2,2,64,2,0,2,0,0,7,4,4,0,True,0,2
401520303,2023,6,regular,Minnesota,135,Big Ten,home,Michigan,Big Ten,fbs,True,False,10,52,True,0,0,0,0,0,0,0,0,3,1,0,0,True,0,0
401520304,2023,6,regular,Mississippi State,344,SEC,home,Western Michigan,Mid-American,fbs,False,False,41,28,True,2,1,0,0,0,0,0,0,5,3,7,0,True,0,1
401520305,2023,6,regular,Missouri,142,SEC,home,LSU,SEC,fbs,True,False,39,49,True,2,0,0,0,0,0,0,0,3,4,1,0,True,0,0
401520301,2023,6,regular,Nebraska,158,Big Ten,away,Illinois,Big Ten,fbs,True,False,20,7,True,2,1,39,0,1,0,0,0,6,7,6,0,True,1,1
401520306,2023,6,regular,Northwestern,77,Big Ten,home,Howard,MEAC,fcs,False,False,23,20,True,3,0,0,0,0,0,0,0,5,2,3,1,True,0,0
401520307,2023,6,regular,Ohio State,194,Big Ten,home,Maryland,Big Ten,fbs,True,False,37,17,True,2,2,39,1,0,1,0,0,5,5,5,0,True,0,2
401520308,2023,6,regular,Ole Miss,145,SEC,home,Arkansas,SEC,fbs,True,False,27,20,True,5,2,38,0,0,0,0,0,10,4,5,0,True,0,2
401520302,2023,6,regular,Purdue,2509,Big Ten,away,Iowa,Big Ten,fbs,True,False,14,20,True,1,1,26,0,0,0,0,0,5,1,3,0,True,0,1
401520311,2023,6,regular,Rutgers,164,Big Ten,away,Wisconsin,Big Ten,fbs,True,False,13,24,True,2,0,0,0,2,0,0,0,4,2,2,0,True,2,0
401520310,2023,6,regular,Texas A&M,245,SEC,home,Alabama,SEC,fbs,True,False,20,26,True,6,1,15,0,1,0,0,0,8,2,3,0,True,1,1
401520299,2023,6,regular,Vanderbilt,238,SEC,away,Florida,SEC,fbs,True,False,14,38,True,3,1,0,0,0,0,0,0,5,0,1,0,True,0,1
401520311,2023,6,regular,Wisconsin,275,Big Ten,home,Rutgers,Big Ten,fbs,True,False,24,13,True,1,1,95,1,0,1,0,0,2,2,3,0,True,0,1
401520316,2023,7,regular,Alabama,333,SEC,home,Arkansas,SEC,fbs,True,False,24,21,True,4,0,0,0,0,0,0,0,7,1,4,0,True,0,0
401520316,2023,7,regular,Arkansas,8,SEC,away,Alabama,SEC,fbs,True,False,21,24,True,5,0,0,0,0,0,0,0,5,3,1,0,True,0,0
401520319,2023,7,regular,Auburn,2,SEC,away,LSU,SEC,fbs,True,False,18,48,True,2,1,3,0,0,0,0,0,2,3,2,0,True,0,1
401520325,2023,7,regular,Florida,57,SEC,away,South Carolina,SEC,fbs,True,False,41,39,True,2,1,0,0,1,0,0,0,6,0,7,0,True,1,1
401520327,2023,7,regular,Georgia,61,SEC,away,Vanderbilt,SEC,fbs,True,False,37,20,True,1,1,8,0,0,0,0,0,4,3,4,0,True,0,1
401520320,2023,7,regular,Illinois,356,Big Ten,away,Maryland,Big Ten,fbs,True,False,27,24,True,3,0,0,0,1,0,0,0,4,4,1,0,True,1,0
401520321,2023,7,regular,Indiana,84,Big Ten,away,Michigan,Big Ten,fbs,True,False,7,52,True,4,0,0,0,0,0,0,0,6,1,0,0,True,0,0
401520328,2023,7,regular,Iowa,2294,Big Ten,away,Wisconsin,Big Ten,fbs,True,False,15,6,True,1,1,6,0,1,0,0,0,4,7,3,1,True,1,1
401520318,2023,7,regular,Kentucky,96,SEC,home,Missouri,SEC,fbs,True,False,21,38,True,1,1,0,0,0,0,0,0,7,0,5,0,True,0,1
401520319,2023,7,regular,LSU,99,SEC,home,Auburn,SEC,fbs,True,False,48,18,True,2,0,0,0,0,0,0,0,5,5,2,0,True,0,0
401520320,2023,7,regular,Maryland,120,Big Ten,home,Illinois,Big Ten,fbs,True,False,24,27,True,5,1,15,0,0,0,0,0,7,3,3,0,True,0,1
401520321,2023,7,regular,Michigan,130,Big Ten,home,Indiana,Big Ten,fbs,True,False,52,7,True,4,2,66,0,2,0,0,0,8,3,7,0,True,2,2
401520324,2023,7,regular,Michigan State,127,Big Ten,away,Rutgers,Big Ten,fbs,True,False,24,27,True,3,2,17,0,1,0,0,0,4,2,3,0,True,1,2
401520318,2023,7,regular,Missouri,142,SEC,away,Kentucky,SEC,fbs,True,False,38,21,True,4,2,6,0,1,0,0,0,6,2,3,0,True,1,2
401520323,2023,7,regular,Ohio State,194,Big Ten,away,Purdue,Big Ten,fbs,True,False,41,7,True,3,0,0,0,0,0,0,0,9,5,1,0,True,0,0
401520322,2023,7,regular,Penn State,213,Big Ten,home,Massachusetts,FBS Independents,fbs,False,False,63,0,True,7,1,6,0,0,2,0,2,14,3,1,0,True,0,1
401520323,2023,7,regular,Purdue,2509,Big Ten,home,Ohio State,Big Ten,fbs,True,False,7,41,True,3,0,0,0,2,0,0,0,6,4,3,0,True,2,0
401520324,2023,7,regular,Rutgers,164,Big Ten,home,Michigan State,Big Ten,fbs,True,False,27,24,True,1,0,0,0,3,0,0,0,6,2,3,0,True,3,0
401520325,2023,7,regular,South Carolina,2579,SEC,home,Florida,SEC,fbs,True,False,39,41,True,4,0,0,0,0,0,0,0,9,6,7,1,True,0,0
401520326,2023,7,regular,Tennessee,2633,SEC,home,Texas A&M,SEC,fbs,True,False,20,13,True,2,2,41,0,0,1,0,1,5,4,11,0,True,0,2
401520326,2023,7,regular,Texas A&M,245,SEC,away,Tennessee,SEC,fbs,True,False,13,20,True,3,1,16,0,0,0,0,0,8,1,5,0,True,0,1
401520327,2023,7,regular,Vanderbilt,238,SEC,home,Georgia,SEC,fbs,True,False,20,37,True,2,1,35,0,1,0,0,0,4,3,3,0,True,1,1
401520328,2023,7,regular,Wisconsin,275,Big Ten,home,Iowa,Big Ten,fbs,True,False,6,15,True,2,0,0,0,0,0,0,0,9,4,0,0,True,0,0
401520333,2023,8,regular,Alabama,333,SEC,home,Tennessee,SEC,fbs,True,False,34,20,True,3,0,0,0,1,0,0,0,8,4,4,0,True,1,0
401520334,2023,8,regular,Arkansas,8,SEC,home,Mississippi State,SEC,fbs,True,False,3,7,True,1,1,0,0,0,0,0,0,6,1,3,0,True,0,1
401520335,2023,8,regular,Auburn,2,SEC,home,Ole Miss,SEC,fbs,True,False,21,28,True,3,2,41,0,0,0,0,0,8,3,2,0,True,0,2
401520336,2023,8,regular,Illinois,356,Big Ten,home,Wisconsin,Big Ten,fbs,True,False,21,25,True,1,0,0,0,1,0,0,0,4,7,8,0,True,1,0
401520337,2023,8,regular,Indiana,84,Big Ten,home,Rutgers,Big Ten,fbs,True,False,14,31,True,1,0,0,0,0,0,0,0,3,1,0,0,True,0,0
401520338,2023,8,regular,Iowa,2294,Big Ten,home,Minnesota,Big Ten,fbs,True,False,10,12,True,3,0,0,0,0,0,0,0,5,3,3,0,True,0,0
401520339,2023,8,regular,LSU,99,SEC,home,Army,FBS Independents,fbs,False,False,62,0,True,1,3,88,0,1,0,0,0,5,3,1,0,True,1,3
401520340,2023,8,regular,Michigan,130,Big Ten,away,Michigan State,Big Ten,fbs,True,False,49,0,True,3,2,77,1,0,1,0,0,9,7,2,0,True,0,2
401520340,2023,8,regular,Michigan State,127,Big Ten,home,Michigan,Big Ten,fbs,True,False,0,49,True,1,0,0,0,0,0,0,0,5,4,0,0,True,0,0
401520338,2023,8,regular,Minnesota,135,Big Ten,away,Iowa,Big Ten,fbs,True,False,12,10,True,4,1,1,0,2,0,0,0,6,4,0,0,True,2,1
401520334,2023,8,regular,Mississippi State,344,SEC,away,Arkansas,SEC,fbs,True,False,7,3,True,4,1,3,0,1,0,0,0,7,3,1,0,True,1,1
401520341,2023,8,regular,Missouri,142,SEC,home,South Carolina,SEC,fbs,True,False,34,12,True,6,1,0,0,0,0,0,0,8,5,4,0,True,0,1
401520342,2023,8,regular,Nebraska,158,Big Ten,home,Northwestern,Big Ten,fbs,True,False,17,9,True,8,1,0,0,0,0,0,0,13,4,3,0,True,0,1
401520342,2023,8,regular,Northwestern,77,Big Ten,away,Nebraska,Big Ten,fbs,True,False,9,17,True,0,2,10,0,0,0,0,0,2,3,0,0,True,0,2
401520343,2023,8,regular,Ohio State,194,Big Ten,home,Penn State,Big Ten,fbs,True,False,20,12,True,4,0,0,0,0,0,0,0,6,6,4,0,True,0,0
401520335,2023,8,regular,Ole Miss,145,SEC,away,Auburn,SEC,fbs,True,False,28,21,True,3,2,0,0,0,0,0,0,9,2,1,0,True,0,2
401520343,2023,8,regular,Penn State,213,Big Ten,away,Ohio State,Big Ten,fbs,True,False,12,20,True,2,0,0,0,1,0,0,0,9,5,1,0,True,1,0
401520337,2023,8,regular,Rutgers,164,Big Ten,away,Indiana,Big Ten,fbs,True,False,31,14,True,0,0,0,0,1,1,0,1,2,9,0,0,True,1,0
401520341,2023,8,regular,South Carolina,2579,SEC,away,Missouri,SEC,fbs,True,False,12,34,True,0,0,0,0,0,0,0,0,2,4,3,0,True,0,0
401520333,2023,8,regular,Tennessee,2633,SEC,away,Alabama,SEC,fbs,True,False,20,34,True,4,1,0,0,1,0,0,0,5,1,3,0,True,1,1
401520336,2023,8,regular,Wisconsin,275,Big Ten,away,Illinois,Big Ten,fbs,True,False,25,21,True,3,0,0,0,0,0,0,0,5,4,1,0,True,0,0
401520350,2023,9,regular,Auburn,2,SEC,home,Mississippi State,SEC,fbs,True,False,27,13,True,0,1,0,0,0,0,0,0,5,2,6,0,True,0,1
401520352,2023,9,regular,Florida,57,SEC,home,Georgia,SEC,fbs,True,True,20,43,True,0,0,0,0,0,0,0,0,4,3,3,0,True,0,0
401520352,2023,9,regular,Georgia,61,SEC,away,Florida,SEC,fbs,True,True,43,20,True,4,0,0,0,1,0,0,0,8,2,1,0,True,1,0
401520358,2023,9,regular,Indiana,84,Big Ten,away,Penn State,Big Ten,fbs,True,False,24,33,True,3,1,7,0,0,0,0,0,6,2,4,0,True,0,1
401520353,2023,9,regular,Kentucky,96,SEC,home,Tennessee,SEC,fbs,True,False,27,33,True,2,0,0,0,0,0,0,0,5,0,1,0,True,0,0
401520356,2023,9,regular,Maryland,120,Big Ten,away,Northwestern,Big Ten,fbs,True,False,27,33,True,5,0,0,0,0,0,0,0,8,2,5,0,True,0,0
401520354,2023,9,regular,Michigan State,127,Big Ten,away,Minnesota,Big Ten,fbs,True,False,12,27,True,3,1,4,0,2,0,0,0,5,2,0,0,True,2,1
401520354,2023,9,regular,Minnesota,135,Big Ten,home,Michigan State,Big Ten,fbs,True,False,27,12,True,1,1,11,0,1,0,0,0,3,3,2,0,True,1,1
401520350,2023,9,regular,Mississippi State,344,SEC,away,Auburn,SEC,fbs,True,False,13,27,True,0,0,0,0,0,0,0,0,4,1,1,0,True,0,0
401520355,2023,9,regular,Nebraska,158,Big Ten,home,Purdue,Big Ten,fbs,True,False,31,14,True,1,2,13,0,1,0,0,0,8,1,3,0,True,1,2
401520356,2023,9,regular,Northwestern,77,Big Ten,home,Maryland,Big Ten,fbs,True,False,33,27,True,6,1,0,0,1,0,0,0,9,4,3,0,True,1,1
401520360,2023,9,regular,Ohio State,194,Big Ten,away,Wisconsin,Big Ten,fbs,True,False,24,10,True,2,0,0,0,1,0,0,0,4,4,1,0,True,1,0
401520357,2023,9,regular,Ole Miss,145,SEC,home,Vanderbilt,SEC,fbs,True,False,33,7,True,5,2,35,0,0,0,0,0,7,4,4,0,True,0,2
401520358,2023,9,regular,Penn State,213,Big Ten,home,Indiana,Big Ten,fbs,True,False,33,24,True,3,1,17,0,1,0,0,0,4,1,1,1,True,1,1
401520355,2023,9,regular,Purdue,2509,Big Ten,away,Nebraska,Big Ten,fbs,True,False,14,31,True,3,0,0,0,4,0,0,0,9,2,2,0,True,4,0
401520359,2023,9,regular,South Carolina,2579,SEC,away,Texas A&M,SEC,fbs,True,False,17,30,True,3,0,0,0,0,0,0,0,7,5,5,0,True,0,0
401520353,2023,9,regular,Tennessee,2633,SEC,away,Kentucky,SEC,fbs,True,False,33,27,True,1,0,0,0,0,0,0,0,4,2,3,0,True,0,0
401520359,2023,9,regular,Texas A&M,245,SEC,home,South Carolina,SEC,fbs,True,False,30,17,True,4,0,0,0,1,0,0,0,10,6,9,0,True,1,0
401520357,2023,9,regular,Vanderbilt,238,SEC,away,Ole Miss,SEC,fbs,True,False,7,33,True,3,1,22,0,0,0,0,0,8,1,3,0,True,0,1
401520360,2023,9,regular,Wisconsin,275,Big Ten,home,Ohio State,Big Ten,fbs,True,False,10,24,True,4,2,19,0,1,0,0,0,9,2,1,0,True,1,2
401520362,2023,10,regular,Alabama,333,SEC,home,LSU,SEC,fbs,True,False,42,28,True,1,1,10,0,0,0,0,0,1,6,2,0,True,0,1
401520363,2023,10,regular,Arkansas,8,SEC,away,Florida,SEC,fbs,True,False,39,36,True,3,0,0,0,1,0,0,0,6,6,4,0,True,1,0
401520379,2023,10,regular,Auburn,2,SEC,away,Vanderbilt,SEC,fbs,True,False,31,15,True,5,1,33,0,0,0,0,0,9,7,2,0,True,0,1
401520363,2023,10,regular,Florida,57,SEC,home,Arkansas,SEC,fbs,True,False,36,39,True,5,1,-1,0,1,0,0,0,6,2,3,0,True,1,1
401520364,2023,10,regular,Georgia,61,SEC,home,Missouri,SEC,fbs,True,False,30,21,True,3,2,44,0,0,0,0,0,4,4,0,0,True,0,2
401520370,2023,10,regular,Illinois,356,Big Ten,away,Minnesota,Big Ten,fbs,True,False,27,26,True,2,0,0,0,1,0,0,0,7,3,1,0,True,1,0
401520365,2023,10,regular,Indiana,84,Big Ten,home,Wisconsin,Big Ten,fbs,True,False,20,14,True,2,0,0,0,1,0,0,0,7,9,0,0,True,2,0
401520373,2023,10,regular,Iowa,2294,Big Ten,away,Northwestern,Big Ten,fbs,True,True,10,7,True,5,0,0,0,0,0,0,0,8,1,1,0,True,0,0
401520371,2023,10,regular,Kentucky,96,SEC,away,Mississippi State,SEC,fbs,True,False,24,3,True,5,1,28,1,0,1,0,0,8,2,2,0,True,0,1
401520362,2023,10,regular,LSU,99,SEC,away,Alabama,SEC,fbs,True,False,28,42,True,2,0,0,0,0,0,0,0,3,3,2,0,True,0,0
401520367,2023,10,regular,Maryland,120,Big Ten,home,Penn State,Big Ten,fbs,True,False,15,51,True,1,0,0,0,0,0,0,0,2,2,0,0,True,0,0
401520368,2023,10,regular,Michigan,130,Big Ten,home,Purdue,Big Ten,fbs,True,False,41,13,True,1,1,26,0,0,0,0,0,3,6,10,0,True,0,1
401520369,2023,10,regular,Michigan State,127,Big Ten,home,Nebraska,Big Ten,fbs,True,False,20,17,True,7,2,-3,0,1,0,0,0,12,6,3,0,True,1,2
401520370,2023,10,regular,Minnesota,135,Big Ten,home,Illinois,Big Ten,fbs,True,False,26,27,True,5,1,0,0,2,0,0,0,9,3,2,0,True,2,1
401520371,2023,10,regular,Mississippi State,344,SEC,home,Kentucky,SEC,fbs,True,False,3,24,True,1,0,0,0,0,0,0,0,7,4,3,0,True,0,0
401520364,2023,10,regular,Missouri,142,SEC,away,Georgia,SEC,fbs,True,False,21,30,True,3,0,0,0,0,0,0,0,5,5,0,0,True,0,0
401520369,2023,10,regular,Nebraska,158,Big Ten,away,Michigan State,Big Ten,fbs,True,False,17,20,True,3,0,0,0,0,0,0,0,7,4,1,0,True,0,0
401520373,2023,10,regular,Northwestern,77,Big Ten,home,Iowa,Big Ten,fbs,True,True,7,10,True,2,1,0,0,0,0,0,0,4,2,2,0,True,0,1
401520375,2023,10,regular,Ohio State,194,Big Ten,away,Rutgers,Big Ten,fbs,True,False,35,16,True,1,1,93,1,0,1,0,0,4,4,0,0,True,0,1
401520374,2023,10,regular,Ole Miss,145,SEC,home,Texas A&M,SEC,fbs,True,False,38,35,True,1,1,0,0,0,0,0,0,3,3,5,0,True,0,1
401520367,2023,10,regular,Penn State,213,Big Ten,away,Maryland,Big Ten,fbs,True,False,51,15,True,6,2,55,0,2,0,0,0,12,2,0,0,True,2,2
401520368,2023,10,regular,Purdue,2509,Big Ten,away,Michigan,Big Ten,fbs,True,False,13,41,True,3,0,0,0,1,0,0,0,5,4,0,0,True,1,0
401520375,2023,10,regular,Rutgers,164,Big Ten,home,Ohio State,Big Ten,fbs,True,False,16,35,True,1,1,5,0,0,0,0,0,4,3,6,0,True,0,1
401520376,2023,10,regular,South Carolina,2579,SEC,home,Jacksonville State,Conference USA,fbs,False,False,38,28,True,1,2,88,1,2,1,0,0,6,4,6,0,True,2,2
401520377,2023,10,regular,Tennessee,2633,SEC,home,UConn,FBS Independents,fbs,False,False,59,3,True,1,2,69,2,1,2,0,0,13,3,2,0,True,1,2
401520374,2023,10,regular,Texas A&M,245,SEC,away,Ole Miss,SEC,fbs,True,False,35,38,True,1,0,0,0,0,0,0,0,6,1,5,0,True,0,0
401520379,2023,10,regular,Vanderbilt,238,SEC,home,Auburn,SEC,fbs,True,False,15,31,True,2,1,5,1,0,1,0,0,7,3,1,0,True,0,1
401520365,2023,10,regular,Wisconsin,275,Big Ten,away,Indiana,Big Ten,fbs,True,False,14,20,True,2,0,0,0,0,0,0,0,8,4,4,0,True,0,0
401520386,2023,11,regular,Alabama,333,SEC,away,Kentucky,SEC,fbs,True,False,49,21,True,3,1,0,0,1,0,0,0,9,4,7,0,True,1,1
401520380,2023,11,regular,Arkansas,8,SEC,home,Auburn,SEC,fbs,True,False,10,48,True,1,2,42,0,0,0,0,0,3,3,0,0,True,0,2
401520380,2023,11,regular,Auburn,2,SEC,away,Arkansas,SEC,fbs,True,False,48,10,True,5,0,0,0,2,1,0,1,8,5,1,0,True,2,0
401520389,2023,11,regular,Florida,57,SEC,away,LSU,SEC,fbs,True,False,35,52,True,2,0,0,0,1,0,0,0,3,3,1,0,True,1,0
401520382,2023,11,regular,Georgia,61,SEC,home,Ole Miss,SEC,fbs,True,False,52,17,True,2,1,0,0,0,0,0,0,5,1,0,0,True,0,1
401520383,2023,11,regular,Illinois,356,Big Ten,home,Indiana,Big Ten,fbs,True,False,48,45,True,3,1,0,0,1,0,0,0,7,4,2,0,True,1,1
401520383,2023,11,regular,Indiana,84,Big Ten,away,Illinois,Big Ten,fbs,True,False,45,48,True,1,1,0,0,1,0,0,0,6,4,1,0,True,1,1
401520384,2023,11,regular,Iowa,2294,Big Ten,home,Rutgers,Big Ten,fbs,True,False,22,0,True,1,1,39,0,0,0,0,0,3,4,1,0,True,0,1
401520386,2023,11,regular,Kentucky,96,SEC,home,Alabama,SEC,fbs,True,False,21,49,True,0,1,0,0,1,0,0,0,6,2,3,0,True,1,1
401520389,2023,11,regular,LSU,99,SEC,home,Florida,SEC,fbs,True,False,52,35,True,4,0,0,0,1,0,0,0,5,6,3,0,True,1,0
401520392,2023,11,regular,Maryland,120,Big Ten,away,Nebraska,Big Ten,fbs,True,False,13,10,True,1,4,40,0,1,0,0,0,5,2,2,0,True,1,4
401520394,2023,11,regular,Michigan,130,Big Ten,away,Penn State,Big Ten,fbs,True,False,24,15,True,1,0,0,0,1,0,0,0,3,4,2,0,True,1,0
401520393,2023,11,regular,Michigan State,127,Big Ten,away,Ohio State,Big Ten,fbs,True,False,3,38,True,0,0,0,0,0,0,0,0,2,2,0,0,True,0,0
401520395,2023,11,regular,Minnesota,135,Big Ten,away,Purdue,Big Ten,fbs,True,False,30,49,True,1,0,0,0,0,0,0,0,1,0,1,0,True,0,0
401520397,2023,11,regular,Mississippi State,344,SEC,away,Texas A&M,SEC,fbs,True,False,10,51,True,2,0,0,0,0,1,1,0,6,3,3,0,True,0,0
401520391,2023,11,regular,Missouri,142,SEC,home,Tennessee,SEC,fbs,True,False,36,7,True,1,1,38,1,2,1,0,0,4,2,3,0,True,2,1
401520392,2023,11,regular,Nebraska,158,Big Ten,home,Maryland,Big Ten,fbs,True,False,10,13,True,1,1,0,0,2,0,0,0,8,7,3,0,True,2,1
401520398,2023,11,regular,Northwestern,77,Big Ten,away,Wisconsin,Big Ten,fbs,True,False,24,10,True,2,0,0,0,3,0,0,0,3,5,0,0,True,1,0
401520393,2023,11,regular,Ohio State,194,Big Ten,home,Michigan State,Big Ten,fbs,True,False,38,3,True,2,0,0,0,0,0,0,0,6,5,0,0,True,0,0
401520382,2023,11,regular,Ole Miss,145,SEC,away,Georgia,SEC,fbs,True,False,17,52,True,0,1,0,0,0,0,0,0,0,1,0,0,True,0,1
401520394,2023,11,regular,Penn State,213,Big Ten,home,Michigan,Big Ten,fbs,True,False,15,24,True,1,0,0,0,0,0,0,0,7,1,1,0,True,0,0
401520395,2023,11,regular,Purdue,2509,Big Ten,home,Minnesota,Big Ten,fbs,True,False,49,30,True,1,0,0,0,0,0,0,0,2,5,1,0,True,0,0
401520384,2023,11,regular,Rutgers,164,Big Ten,away,Iowa,Big Ten,fbs,True,False,0,22,True,0,1,2,0,0,0,0,0,2,2,0,0,True,0,1
401520396,2023,11,regular,South Carolina,2579,SEC,home,Vanderbilt,SEC,fbs,True,False,47,6,True,1,0,0,0,2,1,0,1,3,8,6,0,True,2,0
401520391,2023,11,regular,Tennessee,2633,SEC,away,Missouri,SEC,fbs,True,False,7,36,True,3,1,36,0,0,0,0,0,8,3,0,0,True,0,1
401520397,2023,11,regular,Texas A&M,245,SEC,home,Mississippi State,SEC,fbs,True,False,51,10,True,5,3,6,0,1,0,0,0,7,4,7,0,True,1,3
401520396,2023,11,regular,Vanderbilt,238,SEC,away,South Carolina,SEC,fbs,True,False,6,47,True,0,1,0,0,0,0,0,0,4,2,2,0,True,0,1
401520398,2023,11,regular,Wisconsin,275,Big Ten,home,Northwestern,Big Ten,fbs,True,False,10,24,True,1,0,0,0,0,0,0,0,4,2,2,0,True,0,0
401520401,2023,12,regular,Alabama,333,SEC,home,Chattanooga,Southern,fcs,False,False,66,10,True,0,1,2,0,0,1,0,1,2,5,3,0,True,0,1
401520402,2023,12,regular,Arkansas,8,SEC,home,Florida International,Conference USA,fbs,False,False,44,20,True,3,2,32,1,0,1,0,0,6,3,4,0,True,0,2
401520404,2023,12,regular,Auburn,2,SEC,home,New Mexico State,Conference USA,fbs,False,False,10,31,True,1,0,0,0,0,0,0,0,4,3,3,0,True,0,0
401520413,2023,12,regular,Florida,57,SEC,away,Missouri,SEC,fbs,True,False,31,33,True,1,0,0,0,0,0,0,0,3,2,3,0,True,0,0
401520419,2023,12,regular,Georgia,61,SEC,away,Tennessee,SEC,fbs,True,False,38,10,True,1,0,0,0,0,0,0,0,3,5,1,0,True,0,0
401520406,2023,12,regular,Illinois,356,Big Ten,away,Iowa,Big Ten,fbs,True,False,13,15,True,4,0,0,0,0,0,0,0,5,1,0,0,True,0,0
401520405,2023,12,regular,Indiana,84,Big Ten,home,Michigan State,Big Ten,fbs,True,False,21,24,True,0,2,14,0,0,0,0,0,6,1,1,0,True,0,2
401520406,2023,12,regular,Iowa,2294,Big Ten,home,Illinois,Big Ten,fbs,True,False,15,13,True,1,0,0,0,0,0,0,0,3,13,3,1,True,0,0
401520418,2023,12,regular,Kentucky,96,SEC,away,South Carolina,SEC,fbs,True,False,14,17,True,2,0,0,0,0,0,0,0,6,4,3,0,True,0,0
401520409,2023,12,regular,LSU,99,SEC,home,Georgia State,Sun Belt,fbs,False,False,56,14,True,2,0,0,0,0,0,0,0,8,2,1,0,True,0,0
401520410,2023,12,regular,Maryland,120,Big Ten,home,Michigan,Big Ten,fbs,True,False,24,31,True,1,1,11,0,0,0,0,0,2,4,0,0,True,0,1
401520410,2023,12,regular,Michigan,130,Big Ten,away,Maryland,Big Ten,fbs,True,False,31,24,True,4,2,1,0,1,0,0,0,7,0,0,1,True,1,2
401520405,2023,12,regular,Michigan State,127,Big Ten,away,Indiana,Big Ten,fbs,True,False,24,21,True,3,0,0,0,1,0,0,0,4,3,2,0,True,1,0
401520415,2023,12,regular,Minnesota,135,Big Ten,away,Ohio State,Big Ten,fbs,True,False,3,37,True,1,0,0,0,0,0,0,0,2,2,1,0,True,0,0
401520412,2023,12,regular,Mississippi State,344,SEC,home,Southern Miss,Sun Belt,fbs,False,False,41,20,True,3,1,9,0,1,1,0,0,5,2,2,0,True,1,1
401520413,2023,12,regular,Missouri,142,SEC,home,Florida,SEC,fbs,True,False,33,31,True,2,1,0,0,1,0,0,0,7,1,2,0,True,1,1
401520422,2023,12,regular,Nebraska,158,Big Ten,away,Wisconsin,Big Ten,fbs,True,False,17,24,True,2,0,0,0,0,0,0,0,5,2,1,0,True,0,0
401520414,2023,12,regular,Northwestern,77,Big Ten,home,Purdue,Big Ten,fbs,True,False,23,15,True,3,2,5,0,2,0,0,0,8,2,0,0,True,2,2
401520415,2023,12,regular,Ohio State,194,Big Ten,home,Minnesota,Big Ten,fbs,True,False,37,3,True,2,1,40,0,1,0,0,0,7,1,1,0,True,1,1
401520416,2023,12,regular,Ole Miss,145,SEC,home,UL Monroe,Sun Belt,fbs,False,False,35,3,True,2,1,9,0,0,0,0,0,7,5,7,0,True,0,1
401520417,2023,12,regular,Penn State,213,Big Ten,home,Rutgers,Big Ten,fbs,True,False,27,6,True,3,1,0,0,2,0,0,0,7,0,4,0,True,2,1
401520414,2023,12,regular,Purdue,2509,Big Ten,away,Northwestern,Big Ten,fbs,True,False,15,23,True,5,1,0,0,0,0,0,0,6,3,1,0,True,0,1
401520417,2023,12,regular,Rutgers,164,Big Ten,away,Penn State,Big Ten,fbs,True,False,6,27,True,0,0,0,0,1,0,0,0,1,2,1,0,True,1,0
401520418,2023,12,regular,South Carolina,2579,SEC,home,Kentucky,SEC,fbs,True,False,17,14,True,2,1,0,0,2,0,0,0,3,6,2,0,True,2,1
401520419,2023,12,regular,Tennessee,2633,SEC,home,Georgia,SEC,fbs,True,False,10,38,True,1,0,0,0,1,0,0,0,4,1,1,0,True,1,0
401520420,2023,12,regular,Texas A&M,245,SEC,home,Abilene Christian,UAC,fcs,False,False,38,10,True,1,0,0,0,0,0,0,0,6,7,3,0,True,0,0
401520422,2023,12,regular,Wisconsin,275,Big Ten,home,Nebraska,Big Ten,fbs,True,False,24,17,True,2,1,0,0,0,0,0,0,8,1,1,0,True,0,1
401520427,2023,13,regular,Alabama,333,SEC,away,Auburn,SEC,fbs,True,False,27,24,True,4,2,22,0,1,0,0,0,6,2,1,0,True,1,2
401520426,2023,13,regular,Arkansas,8,SEC,home,Missouri,SEC,fbs,True,False,14,48,True,0,0,0,0,1,0,0,0,5,3,2,0,True,0,0
401520427,2023,13,regular,Auburn,2,SEC,home,Alabama,SEC,fbs,True,False,24,27,True,1,0,0,0,0,0,0,0,5,3,2,0,True,0,0
401520429,2023,13,regular,Florida,57,SEC,home,Florida State,ACC,fbs,False,False,15,24,True,3,0,0,0,0,0,0,0,7,8,6,1,True,0,0
401520430,2023,13,regular,Georgia,61,SEC,away,Georgia Tech,ACC,fbs,False,False,31,23,True,2,0,0,0,0,0,0,0,4,0,0,0,True,0,0
401520431,2023,13,regular,Illinois,356,Big Ten,home,Northwestern,Big Ten,fbs,True,False,43,45,True,2,2,55,1,0,1,0,0,4,2,3,0,True,0,2
401520438,2023,13,regular,Indiana,84,Big Ten,away,Purdue,Big Ten,fbs,True,False,31,35,True,1,0,0,0,0,1,1,0,13,1,0,0,True,0,0
401520425,2023,13,regular,Iowa,2294,Big Ten,away,Nebraska,Big Ten,fbs,True,False,13,10,True,2,1,10,0,2,0,0,0,6,2,6,0,True,2,1
401520432,2023,13,regular,Kentucky,96,SEC,away,Louisville,ACC,fbs,False,False,38,31,True,2,1,0,0,2,1,1,0,4,3,1,0,True,2,1
401520433,2023,13,regular,LSU,99,SEC,home,Texas A&M,SEC,fbs,True,False,42,30,True,4,1,0,0,0,0,0,0,7,0,3,0,True,0,1
401520439,2023,13,regular,Maryland,120,Big Ten,away,Rutgers,Big Ten,fbs,True,False,42,24,True,2,1,0,0,0,0,0,0,4.5,7,3,0,True,0,1
401520434,2023,13,regular,Michigan,130,Big Ten,home,Ohio State,Big Ten,fbs,True,False,30,24,True,1,2,18,0,0,0,0,0,1,4,1,0,True,0,2
401520435,2023,13,regular,Michigan State,127,Big Ten,home,Penn State,Big Ten,fbs,True,True,0,42,True,2,0,0,0,0,0,0,0,4,2,5,0,True,0,0
401520436,2023,13,regular,Minnesota,135,Big Ten,home,Wisconsin,Big Ten,fbs,True,False,14,28,True,0,1,52,0,0,0,0,0,2,2,0,0,True,0,1
401520424,2023,13,regular,Mississippi State,344,SEC,home,Ole Miss,SEC,fbs,True,False,7,17,True,1,0,0,0,0,0,0,0,3,4,3,0,True,0,0
401520426,2023,13,regular,Missouri,142,SEC,away,Arkansas,SEC,fbs,True,False,48,14,True,5,0,0,0,6,0,0,0,13,4,5,0,True,5,0
401520425,2023,13,regular,Nebraska,158,Big Ten,home,Iowa,Big Ten,fbs,True,False,10,13,True,1,1,4,0,0,0,0,0,3,7,5,0,True,0,1
401520431,2023,13,regular,Northwestern,77,Big Ten,away,Illinois,Big Ten,fbs,True,False,45,43,True,2,2,13,0,2,0,0,0,5,4,0,0,True,2,2
401520434,2023,13,regular,Ohio State,194,Big Ten,away,Michigan,Big Ten,fbs,True,False,24,30,True,1,0,0,0,0,0,0,0,2,0,2,0,True,0,0
401520424,2023,13,regular,Ole Miss,145,SEC,away,Mississippi State,SEC,fbs,True,False,17,7,True,1,0,0,0,0,0,0,0,4,3,3,0,True,0,0
401520435,2023,13,regular,Penn State,213,Big Ten,away,Michigan State,Big Ten,fbs,True,True,42,0,True,7,1,0,0,0,0,0,0,12,2,3,0,True,0,1
401520438,2023,13,regular,Purdue,2509,Big Ten,home,Indiana,Big Ten,fbs,True,False,35,31,True,2,3,32,0,0,0,0,0,4,2,1,0,True,0,3
401520439,2023,13,regular,Rutgers,164,Big Ten,home,Maryland,Big Ten,fbs,True,False,24,42,True,1,1,3,0,1,0,0,0,7,1,2,0,True,1,1
401520441,2023,13,regular,South Carolina,2579,SEC,home,Clemson,ACC,fbs,False,False,7,16,True,1,1,0,0,0,0,0,0,5,3,2,0,True,0,1
401520442,2023,13,regular,Tennessee,2633,SEC,home,Vanderbilt,SEC,fbs,True,False,48,24,True,2,0,0,0,0,0,0,0,7,2,5,0,True,0,0
401520433,2023,13,regular,Texas A&M,245,SEC,away,LSU,SEC,fbs,True,False,30,42,True,2,0,0,0,0,0,0,0,2,2,2,0,True,0,0
401520442,2023,13,regular,Vanderbilt,238,SEC,away,Tennessee,SEC,fbs,True,False,24,48,True,1,0,0,0,1,0,0,0,2,6,1,0,True,1,0
401520436,2023,13,regular,Wisconsin,275,Big Ten,away,Minnesota,Big Ten,fbs,True,False,28,14,True,2,1,0,0,1,0,0,0,3,2,2,0,True,1,1
401539483,2023,14,regular,Alabama,333,SEC,home,Georgia,SEC,fbs,True,True,27,24,True,2,0,0,0,1,0,0,0,7,5,0,0,True,1,0
401539483,2023,14,regular,Georgia,61,SEC,away,Alabama,SEC,fbs,True,True,24,27,True,4,0,0,0,0,0,0,0,8,3,3,0,True,0,0
401539480,2023,14,regular,Iowa,2294,Big Ten,home,Michigan,Big Ten,fbs,True,True,0,26,True,4,0,0,0,0,0,0,0,4,4,0,0,True,0,0
401539480,2023,14,regular,Michigan,130,Big Ten,away,Iowa,Big Ten,fbs,True,True,26,0,True,4,0,0,0,3,0,0,0,5,8,5,0,True,3,0
401551786,2023,1,postseason,Alabama,333,SEC,away,Michigan,Big Ten,fbs,False,True,20,27,True,1,0,0,0,1,0,0,0,1,4,0,0,True,1,0
401551770,2023,1,postseason,Auburn,2,SEC,away,Maryland,Big Ten,fbs,False,True,13,31,True,3,1,15,0,0,0,0,0,6,4,3,0,True,0,1
401551773,2023,1,postseason,Georgia,61,SEC,away,Florida State,ACC,fbs,False,True,63,3,True,1,2,26,0,2,0,0,0,4,4,0,0,True,2,2
401551780,2023,1,postseason,Iowa,2294,Big Ten,away,Tennessee,SEC,fbs,False,True,0,35,True,6,0,0,0,0,0,0,0,6,0,2,0,True,0,0
401551766,2023,1,postseason,Kentucky,96,SEC,home,Clemson,ACC,fbs,False,True,35,38,True,8,1,0,0,0,1,1,0,12,4,3,0,True,0,1
401551778,2023,1,postseason,LSU,99,SEC,home,Wisconsin,Big Ten,fbs,False,True,35,31,True,5,0,0,0,1,0,0,0,7,2,3,0,True,1,0
401551770,2023,1,postseason,Maryland,120,Big Ten,home,Auburn,SEC,fbs,False,True,31,13,True,3,2,44,1,2,1,0,0,4,7,2,0,True,2,2
401551786,2023,1,postseason,Michigan,130,Big Ten,home,Alabama,SEC,fbs,False,True,27,20,True,6,0,0,0,1,0,0,0,10,1,0,0,True,1,0
401551789,2023,1,postseason,Michigan,130,Big Ten,home,Washington,Pac-12,fbs,False,True,34,13,True,0,2,81,0,0,0,0,0,0,0,0,0,True,0,2
401551756,2023,1,postseason,Minnesota,135,Big Ten,home,Bowling Green,Mid-American,fbs,False,True,30,24,True,3,0,0,0,0,0,0,0,7,3,2,0,True,0,0
401551768,2023,1,postseason,Missouri,142,SEC,away,Ohio State,Big Ten,fbs,False,True,14,3,True,4,0,0,0,1,0,0,0,10,2,8,0,True,1,0
401551744,2023,1,postseason,Northwestern,77,Big Ten,home,Utah,Pac-12,fbs,False,True,14,7,True,5,2,45,0,1,0,0,0,8,1,0,0,True,1,2
401551768,2023,1,postseason,Ohio State,194,Big Ten,home,Missouri,SEC,fbs,False,True,3,14,True,6,0,0,0,0,0,0,0,8,0,3,0,True,0,0
401551769,2023,1,postseason,Ole Miss,145,SEC,away,Penn State,Big Ten,fbs,False,True,38,25,True,1,1,0,0,1,0,0,0,5,7,0,0,True,1,1
401551769,2023,1,postseason,Penn State,213,Big Ten,home,Ole Miss,SEC,fbs,False,True,25,38,True,1,0,0,0,0,0,0,0,10,3,0,0,True,0,0
401551762,2023,1,postseason,Rutgers,164,Big Ten,away,Miami,ACC,fbs,False,True,31,24,True,2,1,3,0,1,1,0,1,4,1,3,0,True,0,1
401551780,2023,1,postseason,Tennessee,2633,SEC,home,Iowa,Big Ten,fbs,False,True,35,0,True,5,2,52,1,1,1,0,0,8,5,2,0,True,1,2
401551749,2023,1,postseason,Texas A&M,245,SEC,away,Oklahoma State,Big 12,fbs,False,True,23,31,True,0,2,0,0,0,0,0,0,3,5,3,0,True,0,2
401551778,2023,1,postseason,Wisconsin,275,Big Ten,away,LSU,SEC,fbs,False,True,31,35,True,0,1,10,0,0,0,0,0,3,3,3,0,True,0,1
401628319,2024,1,regular,Alabama,333,SEC,home,Western Kentucky,Conference USA,fbs,False,False,63,0,True,1,2,87,0,0,0,0,0,7,8,3,0,True,0,2
401628320,2024,1,regular,Arkansas,8,SEC,home,Arkansas-Pine Bluff,SWAC,fcs,False,True,70,0,True,4,0,0,0,0,0,0,0,10,4,5,0,True,0,0
401628321,2024,1,regular,Auburn,2,SEC,home,Alabama A&M,SWAC,fcs,False,False,73,3,True,3,0,0,0,0,1,0,1,11,3,1,0,True,0,0
401628322,2024,1,regular,Florida,57,SEC,home,Miami,ACC,fbs,False,False,17,41,True,1,1,0,0,0,0,0,0,2,3,4,0,True,0,1
401628323,2024,1,regular,Georgia,61,SEC,home,Clemson,ACC,fbs,False,True,34,3,True,2,1,0,0,0,0,0,0,6,2,0,0,True,0,1
401654845,2024,1,regular,Illinois,356,Big Ten,home,Eastern Illinois,Big South-OVC,fcs,False,False,45,0,True,1,2,1,0,2,0,0,0,3,2,2,0,True,2,2
401628449,2024,1,regular,Indiana,84,Big Ten,home,Florida International,Conference USA,fbs,False,False,31,7,True,4,1,20,0,0,0,0,0,8,1,2,0,True,0,1
401628450,2024,1,regular,Iowa,2294,Big Ten,home,Illinois State,MVFC,fcs,False,False,40,0,True,4,1,0,0,2,0,0,0,7,4,0,0,True,2,1
401628324,2024,1,regular,Kentucky,96,SEC,home,Southern Miss,Sun Belt,fbs,False,False,31,0,True,2,2,-5,0,0,0,0,0,7,2,2,0,True,0,2
401628334,2024,1,regular,LSU,99,SEC,home,USC,Big Ten,fbs,False,True,20,27,True,2,0,0,0,0,0,0,0,7,7,0,0,True,0,0
401628451,2024,1,regular,Maryland,120,Big Ten,home,UConn,FBS Independents,fbs,False,False,50,7,True,1,2,0,0,1,0,0,0,2,3,2,0,True,1,2
401628452,2024,1,regular,Michigan,130,Big Ten,home,Fresno State,Mountain West,fbs,False,False,30,10,True,3,2,91,1,0,1,0,0,6,4,2,0,True,0,2
401628453,2024,1,regular,Michigan State,127,Big Ten,home,Florida Atlantic,American Athletic,fbs,False,False,16,10,True,7,2,56,0,0,0,0,0,10,1,6,1,True,0,2
401628448,2024,1,regular,Minnesota,135,Big Ten,home,North Carolina,ACC,fbs,False,False,17,19,True,2,1,70,0,0,0,0,0,6,4,1,0,True,0,1
401628326,2024,1,regular,Mississippi State,344,SEC,home,Eastern Kentucky,UAC,fcs,False,False,56,7,True,2,1,51,1,0,3,0,1,4,5,5,0,True,0,1
401628327,2024,1,regular,Missouri,142,SEC,home,Murray State,MVFC,fcs,False,False,51,0,True,2,1,25,1,1,1,0,0,6,4,1,0,True,1,1
401628454,2024,1,regular,Nebraska,158,Big Ten,home,UTEP,Conference USA,fbs,False,False,40,7,True,1,2,18,0,0,0,0,0,9,2,0,1,True,0,2
401644683,2024,1,regular,Northwestern,77,Big Ten,home,Miami (OH),Mid-American,fbs,False,True,13,6,True,4,2,0,0,0,0,0,0,6,5,2,0,True,0,2
401628455,2024,1,regular,Ohio State,194,Big Ten,home,Akron,Mid-American,fbs,False,False,52,6,True,5,2,29,1,1,2,0,0,10,3,1,0,True,1,2
401628328,2024,1,regular,Oklahoma,201,SEC,home,Temple,American Athletic,fbs,False,False,51,3,True,6,2,36,0,4,1,0,0,9,3,2,0,True,4,2
401628325,2024,1,regular,Ole Miss,145,SEC,home,Furman,Southern,fcs,False,False,76,0,True,4,1,-1,0,0,0,0,0,16,4,10,0,True,0,1
401628456,2024,1,regular,Oregon,2483,Big Ten,home,Idaho,Big Sky,fcs,False,False,24,14,True,4,2,0,0,0,0,0,0,7,1,2,0,True,0,2
401628457,2024,1,regular,Penn State,213,Big Ten,away,West Virginia,Big 12,fbs,False,False,34,12,True,2,1,0,0,2,0,0,0,6,5,0,0,True,2,1
401634169,2024,1,regular,Purdue,2509,Big Ten,home,Indiana State,MVFC,fcs,False,False,49,0,True,3,0,0,0,0,0,0,0,11,1,2,0,True,0,0
401628458,2024,1,regular,Rutgers,164,Big Ten,home,Howard,MEAC,fcs,False,False,44,7,True,1,1,52,1,0,1,0,0,6,1,4,0,True,0,1
401628329,2024,1,regular,South Carolina,2579,SEC,home,Old Dominion,Sun Belt,fbs,False,False,23,19,True,5,2,9,0,2,0,0,0,8,5,4,0,True,2,2
401628330,2024,1,regular,Tennessee,2633,SEC,home,Chattanooga,Southern,fcs,False,False,69,3,True,1,0,0,0,1,1,0,1,5,5,5,0,True,1,0
401628331,2024,1,regular,Texas,251,SEC,home,Colorado State,Mountain West,fbs,False,False,52,0,True,0,2,30,0,0,0,0,0,5,4,2,0,True,0,2
401628332,2024,1,regular,Texas A&M,245,SEC,home,Notre Dame,FBS Independents,fbs,False,False,13,23,True,0,0,0,0,0,0,0,0,7,2,4,0,True,0,0
401628459,2024,1,regular,UCLA,26,Big Ten,away,Hawai'i,Mountain West,fbs,False,False,16,13,True,5,2,0,0,1,0,0,0,11,7,2,0,True,1,2
401628334,2024,1,regular,USC,30,Big Ten,away,LSU,SEC,fbs,False,True,27,20,True,0,1,0,0,0,0,0,0,3,1,0,0,True,0,1
401628333,2024,1,regular,Vanderbilt,238,SEC,home,Virginia Tech,ACC,fbs,False,False,34,27,True,4,1,15,0,0,0,0,0,8,4,1,0,True,0,1
401628460,2024,1,regular,Washington,264,Big Ten,home,Weber State,Big Sky,fcs,False,False,35,3,True,1,0,0,0,0,0,0,0,6,7,0,0,True,0,0
401628461,2024,1,regular,Wisconsin,275,Big Ten,home,Western Michigan,Mid-American,fbs,False,False,28,14,True,1,1,0,0,1,0,0,0,1,1,0,0,True,1,1
401628335,2024,2,regular,Alabama,333,SEC,home,South Florida,American Athletic,fbs,False,False,42,16,True,4,0,0,0,0,0,0,0,7,6,10,0,True,0,0
401628336,2024,2,regular,Arkansas,8,SEC,away,Oklahoma State,Big 12,fbs,False,False,31,39,True,0,1,0,0,0,0,0,0,3,6,0,0,True,0,1
401628337,2024,2,regular,Auburn,2,SEC,home,California,ACC,fbs,False,False,14,21,True,2,0,0,0,0,0,0,0,8,3,7,0,True,0,0
401628338,2024,2,regular,Florida,57,SEC,home,Samford,Southern,fcs,False,False,45,7,True,4,0,0,0,1,0,0,0,12,5,6,0,True,1,0
401628339,2024,2,regular,Georgia,61,SEC,home,Tennessee Tech,Big South-OVC,fcs,False,False,48,3,True,3,0,0,0,1,0,0,0,10,0,0,0,True,1,0
401628462,2024,2,regular,Illinois,356,Big Ten,home,Kansas,Big 12,fbs,False,False,23,17,True,1,3,30,1,1,1,0,0,3,1,1,0,True,1,3
401628463,2024,2,regular,Indiana,84,Big Ten,home,Western Illinois,Big South-OVC,fcs,False,False,77,3,True,6,2,29,1,1,1,0,0,8,6,1,0,True,1,2
401628464,2024,2,regular,Iowa,2294,Big Ten,home,Iowa State,Big 12,fbs,False,False,19,20,True,1,1,5,0,0,0,0,0,2,4,2,0,True,0,1
401628340,2024,2,regular,Kentucky,96,SEC,home,South Carolina,SEC,fbs,True,False,6,31,True,3,1,16,0,0,0,0,0,12,0,1,0,True,0,1
401628341,2024,2,regular,LSU,99,SEC,home,Nicholls,Southland,fcs,False,False,44,21,True,0,0,0,0,1,0,0,0,3,3,1,1,True,1,0
401628465,2024,2,regular,Maryland,120,Big Ten,home,Michigan State,Big Ten,fbs,True,False,24,27,True,2,3,28,0,0,0,0,0,6,1,1,0,True,0,3
401628347,2024,2,regular,Michigan,130,Big Ten,home,Texas,SEC,fbs,False,False,12,31,True,0,0,0,0,0,0,0,0,4,2,5,0,True,0,0
401628465,2024,2,regular,Michigan State,127,Big Ten,away,Maryland,Big Ten,fbs,True,False,27,24,True,1,1,0,0,0,0,0,0,7,1,0,0,True,0,1
401628466,2024,2,regular,Minnesota,135,Big Ten,home,Rhode Island,Coastal Athletic,fcs,False,False,48,0,True,1,3,41,1,1,1,0,0,5,5,9,0,True,1,3
401628343,2024,2,regular,Mississippi State,344,SEC,away,Arizona State,Big 12,fbs,False,False,23,30,True,1,0,0,0,0,0,0,0,2,0,1,0,True,0,0
401628344,2024,2,regular,Missouri,142,SEC,home,Buffalo,Mid-American,fbs,False,False,38,0,True,3,1,15,0,0,0,0,0,5,3,5,0,True,0,1
401628467,2024,2,regular,Nebraska,158,Big Ten,home,Colorado,Big 12,fbs,False,False,28,10,True,6,1,7,1,1,1,0,0,10,4,10,0,True,1,1
401635533,2024,2,regular,Northwestern,77,Big Ten,home,Duke,ACC,fbs,False,True,20,26,True,2,1,0,0,1,0,0,0,5,5,1,0,True,1,1
401628468,2024,2,regular,Ohio State,194,Big Ten,home,Western Michigan,Mid-American,fbs,False,False,56,0,True,3,0,0,0,0,0,0,0,5,5,2,0,True,0,0
401628345,2024,2,regular,Oklahoma,201,SEC,home,Houston,Big 12,fbs,False,False,16,12,True,2,1,0,0,1,0,0,0,7,0,2,1,True,1,1
401628342,2024,2,regular,Ole Miss,145,SEC,home,Middle Tennessee,Conference USA,fbs,False,False,52,3,True,2,1,0,0,1,0,0,0,9,5,5,0,True,1,1
401628469,2024,2,regular,Oregon,2483,Big Ten,home,Boise State,Mountain West,fbs,False,False,37,34,True,1,0,0,0,0,2,0,1,4,12,4,0,True,0,0
401628470,2024,2,regular,Penn State,213,Big Ten,home,Bowling Green,Mid-American,fbs,False,False,34,27,True,0,2,0,0,0,0,0,0,3,5,3,0,True,0,2
401628471,2024,2,regular,Rutgers,164,Big Ten,home,Akron,Mid-American,fbs,False,False,49,17,True,2,1,24,0,0,0,0,0,4,5,10,0,True,0,1
401628340,2024,2,regular,South Carolina,2579,SEC,away,Kentucky,SEC,fbs,True,False,31,6,True,5,2,38,1,0,1,0,0,11,0,4,0,True,0,2
401628346,2024,2,regular,Tennessee,2633,SEC,away,NC State,ACC,fbs,False,True,51,10,True,3,1,85,1,2,1,0,0,13,3,4,0,True,2,1
401628347,2024,2,regular,Texas,251,SEC,away,Michigan,Big Ten,fbs,False,False,31,12,True,1,2,3,0,1,0,0,0,3,4,5,0,True,1,2
401628348,2024,2,regular,Texas A&M,245,SEC,home,McNeese,Southland,fcs,False,False,52,10,True,0,2,16,0,0,0,0,0,3,2,2,0,True,0,2
401628472,2024,2,regular,USC,30,Big Ten,home,Utah State,Mountain West,fbs,False,False,48,0,True,3,1,5,0,0,0,0,0,7,3,1,0,True,0,1
401628349,2024,2,regular,Vanderbilt,238,SEC,home,Alcorn State,SWAC,fcs,False,False,55,0,True,1,2,41,1,0,2,0,1,6,4,1,0,True,0,2
401628473,2024,2,regular,Washington,264,Big Ten,home,Eastern Michigan,Mid-American,fbs,False,False,30,9,True,7,0,0,0,1,0,0,0,9,5,0,0,True,1,0
401628474,2024,2,regular,Wisconsin,275,Big Ten,home,South Dakota,MVFC,fcs,False,False,27,13,True,3,0,0,0,0,0,0,0,6,4,4,0,True,0,0
401628350,2024,3,regular,Alabama,333,SEC,away,Wisconsin,Big Ten,fbs,False,False,42,10,True,2,0,0,0,2,0,0,0,4,7,1,0,True,2,0
401628351,2024,3,regular,Arkansas,8,SEC,home,UAB,American Athletic,fbs,False,False,37,27,True,1,1,23,0,0,0,0,0,2,3,3,0,True,0,1
401628352,2024,3,regular,Auburn,2,SEC,home,New Mexico,Mountain West,fbs,False,False,45,19,True,0,2,19,0,0,0,0,0,1,5,6,0,True,0,2
401628353,2024,3,regular,Florida,57,SEC,home,Texas A&M,SEC,fbs,True,False,20,33,True,0,0,0,0,0,0,0,0,2,1,4,0,True,0,0
401628354,2024,3,regular,Georgia,61,SEC,away,Kentucky,SEC,fbs,True,False,13,12,True,3,0,0,0,1,0,0,0,5,4,5,0,True,1,0
401628475,2024,3,regular,Illinois,356,Big Ten,home,Central Michigan,Mid-American,fbs,False,False,30,9,True,3,1,20,0,0,0,0,0,5,4,5,0,True,0,1
401628476,2024,3,regular,Indiana,84,Big Ten,away,UCLA,Big Ten,fbs,True,False,42,13,True,2,1,0,0,1,0,0,0,3,2,2,0,True,1,1
401628477,2024,3,regular,Iowa,2294,Big Ten,home,Troy,Sun Belt,fbs,False,False,38,21,True,4,1,28,1,0,1,0,0,7,3,2,0,True,0,1
401628354,2024,3,regular,Kentucky,96,SEC,home,Georgia,SEC,fbs,True,False,12,13,True,0,0,0,0,0,0,0,0,3,3,3,0,True,0,0
401628359,2024,3,regular,LSU,99,SEC,away,South Carolina,SEC,fbs,True,False,36,33,True,5,1,0,0,2,0,0,0,9,2,1,0,True,2,1
401628478,2024,3,regular,Maryland,120,Big Ten,away,Virginia,ACC,fbs,False,False,27,13,True,1,2,17,0,2,0,0,0,3,2,7,0,True,2,2
401628479,2024,3,regular,Michigan,130,Big Ten,home,Arkansas State,Sun Belt,fbs,False,False,28,18,True,1,1,0,0,0,0,0,0,3,9,3,0,True,0,1
401628480,2024,3,regular,Michigan State,127,Big Ten,home,Prairie View A&M,SWAC,fcs,False,False,40,0,True,3,1,100,1,0,1,0,0,10,2,3,0,True,0,1
401628481,2024,3,regular,Minnesota,135,Big Ten,home,Nevada,Mountain West,fbs,False,False,27,0,True,4,3,17,0,0,0,0,0,4,4,4,0,True,0,3
401628356,2024,3,regular,Mississippi State,344,SEC,home,Toledo,Mid-American,fbs,False,False,17,41,True,0,0,0,0,0,0,0,0,4,1,0,0,True,1,0
401628357,2024,3,regular,Missouri,142,SEC,home,Boston College,ACC,fbs,False,False,27,21,True,2,2,22,0,0,0,0,0,5,4,0,0,True,0,2
401628482,2024,3,regular,Nebraska,158,Big Ten,home,Northern Iowa,MVFC,fcs,False,False,34,3,True,1,1,15,0,0,0,0,0,3,5,6,0,True,0,1
401655632,2024,3,regular,Northwestern,77,Big Ten,home,Eastern Illinois,Big South-OVC,fcs,False,True,31,7,True,3,1,0,0,0,0,0,0,4,4,5,0,True,0,1
401628358,2024,3,regular,Oklahoma,201,SEC,home,Tulane,American Athletic,fbs,False,False,34,19,True,3,1,2,0,1,0,0,0,7,5,5,0,True,1,1
401628355,2024,3,regular,Ole Miss,145,SEC,away,Wake Forest,ACC,fbs,False,False,40,6,True,4,1,0,0,1,0,0,0,5,8,9,0,True,1,1
401628483,2024,3,regular,Oregon,2483,Big Ten,away,Oregon State,Pac-12,fbs,False,False,49,14,True,2,0,0,0,0,0,0,0,3,7,5,0,True,0,0
401628978,2024,3,regular,Purdue,2509,Big Ten,home,Notre Dame,FBS Independents,fbs,False,False,7,66,True,3,0,0,0,0,0,0,0,4,1,2,0,True,0,0
401628359,2024,3,regular,South Carolina,2579,SEC,home,LSU,SEC,fbs,True,False,33,36,True,2,1,20,0,1,0,0,0,6,4,3,0,True,1,1
401628360,2024,3,regular,Tennessee,2633,SEC,home,Kent State,Mid-American,fbs,False,False,71,0,True,0,0,0,0,0,0,0,0,3,5,4,1,True,0,0
401628361,2024,3,regular,Texas,251,SEC,home,UTSA,American Athletic,fbs,False,False,56,7,True,3,1,30,1,0,1,0,0,12,2,4,0,True,0,1
401628353,2024,3,regular,Texas A&M,245,SEC,away,Florida,SEC,fbs,True,False,33,20,True,2,3,60,1,0,1,0,0,5,2,3,0,True,0,3
401628476,2024,3,regular,UCLA,26,Big Ten,home,Indiana,Big Ten,fbs,True,False,13,42,True,0,0,0,0,0,0,0,0,4,6,1,0,True,0,0
401628362,2024,3,regular,Vanderbilt,238,SEC,away,Georgia State,Sun Belt,fbs,False,False,32,36,True,1,1,7,0,0,0,0,0,5,2,3,1,True,0,1
401628484,2024,3,regular,Washington,264,Big Ten,home,Washington State,Pac-12,fbs,False,True,19,24,True,1,1,21,0,0,0,0,0,4,4,0,0,True,0,1
401628350,2024,3,regular,Wisconsin,275,Big Ten,home,Alabama,SEC,fbs,False,False,10,42,True,2,0,0,0,0,0,0,0,5,0,0,0,True,0,0
401628363,2024,4,regular,Arkansas,8,SEC,away,Auburn,SEC,fbs,True,False,24,14,True,2,4,31,0,1,0,0,0,4,6,1,0,True,1,4
401628363,2024,4,regular,Auburn,2,SEC,home,Arkansas,SEC,fbs,True,False,14,24,True,3,2,33,0,0,0,0,0,7,8,8,0,True,0,2
401628367,2024,4,regular,Florida,57,SEC,away,Mississippi State,SEC,fbs,True,False,45,28,True,3,0,0,0,1,1,0,0,7,6,4,0,True,1,0
401628485,2024,4,regular,Illinois,356,Big Ten,away,Nebraska,Big Ten,fbs,True,False,31,24,True,5,1,0,0,0,0,0,0,7,4,1,0,True,0,1
401628486,2024,4,regular,Indiana,84,Big Ten,home,Charlotte,American Athletic,fbs,False,False,52,14,True,0,0,0,0,1,0,0,0,8,6,0,0,True,1,0
401628487,2024,4,regular,Iowa,2294,Big Ten,away,Minnesota,Big Ten,fbs,True,False,31,14,True,1,2,15,0,0,0,0,0,2,7,4,0,True,0,2
401628364,2024,4,regular,Kentucky,96,SEC,home,Ohio,Mid-American,fbs,False,False,41,6,True,0,1,25,1,1,1,0,0,2,3,6,0,True,1,1
401628365,2024,4,regular,LSU,99,SEC,home,UCLA,Big Ten,fbs,False,False,34,17,True,5,1,0,0,1,0,0,0,5,3,5,0,True,1,1
401628488,2024,4,regular,Maryland,120,Big Ten,home,Villanova,Coastal Athletic,fcs,False,False,38,20,True,3,0,0,0,0,0,0,0,6,2,2,0,True,0,0
401628489,2024,4,regular,Michigan,130,Big Ten,home,USC,Big Ten,fbs,True,False,27,24,True,4,1,42,1,1,1,0,0,8,8,10,0,True,1,1
401628490,2024,4,regular,Michigan State,127,Big Ten,away,Boston College,ACC,fbs,False,False,19,23,True,4,0,0,0,1,0,0,0,5,2,2,0,True,1,0
401628487,2024,4,regular,Minnesota,135,Big Ten,home,Iowa,Big Ten,fbs,True,False,14,31,True,1,0,0,0,0,0,0,0,3,3,3,0,True,0,0
401628367,2024,4,regular,Mississippi State,344,SEC,home,Florida,SEC,fbs,True,False,28,45,True,0,0,0,0,1,0,0,0,2,1,0,0,True,1,0
401628368,2024,4,regular,Missouri,142,SEC,home,Vanderbilt,SEC,fbs,True,False,30,27,True,1,0,0,0,0,0,0,0,6,6,4,0,True,0,0
401628485,2024,4,regular,Nebraska,158,Big Ten,home,Illinois,Big Ten,fbs,True,False,24,31,True,2,0,0,0,2,0,0,0,2,1,2,0,True,2,0
401628491,2024,4,regular,Northwestern,77,Big Ten,away,Washington,Big Ten,fbs,True,False,5,24,True,3,0,0,0,1,0,0,0,4,3,0,1,True,1,0
401628492,2024,4,regular,Ohio State,194,Big Ten,home,Marshall,Sun Belt,fbs,False,False,49,14,True,1,0,0,0,0,0,0,0,7,3,0,0,True,0,0
401628369,2024,4,regular,Oklahoma,201,SEC,home,Tennessee,SEC,fbs,True,False,15,25,True,3,0,0,0,2,0,0,0,9,2,1,0,True,2,0
401628366,2024,4,regular,Ole Miss,145,SEC,home,Georgia Southern,Sun Belt,fbs,False,False,52,13,True,3,1,6,0,1,0,0,0,13,0,4,0,True,1,1
401628493,2024,4,regular,Penn State,213,Big Ten,home,Kent State,Mid-American,fbs,False,False,56,0,True,2,0,0,0,0,0,0,0,5,4,4,0,True,0,0
401643717,2024,4,regular,Purdue,2509,Big Ten,away,Oregon State,Pac-12,fbs,False,False,21,38,True,2,0,0,0,0,0,0,0,6,2,3,0,True,0,0
401628494,2024,4,regular,Rutgers,164,Big Ten,away,Virginia Tech,ACC,fbs,False,False,26,23,True,1,1,0,0,2,0,0,0,4,0,7,1,True,2,1
401628370,2024,4,regular,South Carolina,2579,SEC,home,Akron,Mid-American,fbs,False,False,50,7,True,2,1,-4,0,0,0,0,0,3,3,2,0,True,0,1
401628369,2024,4,regular,Tennessee,2633,SEC,away,Oklahoma,SEC,fbs,True,False,25,15,True,3,1,17,0,2,0,0,0,11,4,4,1,True,2,1
401628371,2024,4,regular,Texas,251,SEC,home,UL Monroe,Sun Belt,fbs,False,False,51,3,True,2,2,43,0,0,0,0,0,7,3,5,1,True,0,2
401628372,2024,4,regular,Texas A&M,245,SEC,home,Bowling Green,Mid-American,fbs,False,False,26,20,True,2,1,0,0,0,0,0,0,7,3,3,0,True,0,1
401628365,2024,4,regular,UCLA,26,Big Ten,away,LSU,SEC,fbs,False,False,17,34,True,0,0,0,0,0,0,0,0,2,3,3,0,True,0,0
401628489,2024,4,regular,USC,30,Big Ten,away,Michigan,Big Ten,fbs,True,False,24,27,True,2,0,0,0,2,0,0,0,7,2,2,0,True,2,0
401628368,2024,4,regular,Vanderbilt,238,SEC,away,Missouri,SEC,fbs,True,False,27,30,True,3,0,0,0,0,0,0,0,8,4,0,0,True,0,0
401628491,2024,4,regular,Washington,264,Big Ten,home,Northwestern,Big Ten,fbs,True,False,24,5,True,2,2,43,0,0,0,0,0,4,5,0,0,True,0,2
401628374,2024,5,regular,Alabama,333,SEC,home,Georgia,SEC,fbs,True,False,41,34,True,3,3,31,0,1,0,0,0,6,9,2,1,True,1,3
401628373,2024,5,regular,Arkansas,8,SEC,away,Texas A&M,SEC,fbs,True,True,17,21,True,3,0,0,0,0,0,0,0,7,3,1,0,True,0,0
401628375,2024,5,regular,Auburn,2,SEC,home,Oklahoma,SEC,fbs,True,False,21,27,True,2,0,0,0,0,0,0,0,4,1,2,0,True,0,0
401628374,2024,5,regular,Georgia,61,SEC,away,Alabama,SEC,fbs,True,False,34,41,True,0,1,0,0,0,0,0,0,7,3,1,0,True,0,1
401628495,2024,5,regular,Illinois,356,Big Ten,away,Penn State,Big Ten,fbs,True,False,7,21,True,2,0,0,0,0,0,0,0,3,0,1,0,True,0,0
401628496,2024,5,regular,Indiana,84,Big Ten,home,Maryland,Big Ten,fbs,True,False,42,28,True,5,0,0,0,0,0,0,0,8,2,0,0,True,0,0
401628377,2024,5,regular,Kentucky,96,SEC,away,Ole Miss,SEC,fbs,True,False,20,17,True,4,0,0,0,1,0,0,0,7,2,1,0,True,1,0
401628376,2024,5,regular,LSU,99,SEC,home,South Alabama,Sun Belt,fbs,False,False,42,10,True,3,0,0,0,0,0,0,0,9,3,4,0,True,0,0
401628496,2024,5,regular,Maryland,120,Big Ten,away,Indiana,Big Ten,fbs,True,False,28,42,True,3,2,37,0,2,0,0,0,6,4,0,0,True,2,2
401628497,2024,5,regular,Michigan,130,Big Ten,home,Minnesota,Big Ten,fbs,True,False,27,24,True,5,1,0,0,1,0,0,0,9,3,5,0,True,1,1
401628498,2024,5,regular,Michigan State,127,Big Ten,home,Ohio State,Big Ten,fbs,True,False,7,38,True,0,1,36,0,0,0,0,0,3,2,3,0,True,0,1
401628497,2024,5,regular,Minnesota,135,Big Ten,away,Michigan,Big Ten,fbs,True,False,24,27,True,1,1,0,0,0,0,0,0,6,2,1,0,True,0,1
401628378,2024,5,regular,Mississippi State,344,SEC,away,Texas,SEC,fbs,True,False,13,35,True,2,0,0,0,2,0,0,0,7,1,1,0,True,2,0
401628499,2024,5,regular,Nebraska,158,Big Ten,away,Purdue,Big Ten,fbs,True,False,28,10,True,5,1,29,1,0,1,0,0,9,3,0,0,True,0,1
401628498,2024,5,regular,Ohio State,194,Big Ten,away,Michigan State,Big Ten,fbs,True,False,38,7,True,4,1,31,0,2,0,0,0,7,2,2,0,True,2,1
401628375,2024,5,regular,Oklahoma,201,SEC,away,Auburn,SEC,fbs,True,False,27,21,True,4,1,63,1,0,1,0,0,8,5,0,0,True,0,1
401628377,2024,5,regular,Ole Miss,145,SEC,home,Kentucky,SEC,fbs,True,False,17,20,True,5,0,0,0,0,0,0,0,10,7,3,0,True,0,0
401628500,2024,5,regular,Oregon,2483,Big Ten,away,UCLA,Big Ten,fbs,True,False,34,13,True,4,2,0,0,0,0,0,0,7,4,1,0,True,0,2
401628495,2024,5,regular,Penn State,213,Big Ten,home,Illinois,Big Ten,fbs,True,False,21,7,True,7,1,20,0,1,0,0,0,13,3,3,0,True,1,1
401628499,2024,5,regular,Purdue,2509,Big Ten,home,Nebraska,Big Ten,fbs,True,False,10,28,True,1,0,0,0,0,0,0,0,2,3,3,0,True,0,0
401628501,2024,5,regular,Rutgers,164,Big Ten,home,Washington,Big Ten,fbs,True,False,21,18,True,0,0,0,0,0,0,0,0,0,5,1,0,True,0,0
401628378,2024,5,regular,Texas,251,SEC,home,Mississippi State,SEC,fbs,True,False,35,13,True,6,0,0,0,1,0,0,0,11,4,2,0,True,1,0
401628373,2024,5,regular,Texas A&M,245,SEC,home,Arkansas,SEC,fbs,True,True,21,17,True,3,1,0,0,2,0,0,0,10,7,8,0,True,2,1
401628500,2024,5,regular,UCLA,26,Big Ten,home,Oregon,Big Ten,fbs,True,False,13,34,True,0,1,96,1,0,1,0,0,5,2,1,0,True,0,1
401628502,2024,5,regular,USC,30,Big Ten,home,Wisconsin,Big Ten,fbs,True,False,38,21,True,0,1,55,1,1,1,0,0,2,6,0,0,True,1,1
401628501,2024,5,regular,Washington,264,Big Ten,away,Rutgers,Big Ten,fbs,True,False,18,21,True,1,0,0,0,0,0,0,0,3,4,4,0,True,0,0
401628502,2024,5,regular,Wisconsin,275,Big Ten,away,USC,Big Ten,fbs,True,False,21,38,True,1,1,0,0,2,0,0,0,4,7,2,0,True,2,1
401628384,2024,6,regular,Alabama,333,SEC,away,Vanderbilt,SEC,fbs,True,False,35,40,True,0,0,0,0,0,0,0,0,7,2,0,0,True,0,0
401628379,2024,6,regular,Arkansas,8,SEC,home,Tennessee,SEC,fbs,True,False,19,14,True,4,0,0,0,0,0,0,0,4,3,3,0,True,0,0
401628381,2024,6,regular,Auburn,2,SEC,away,Georgia,SEC,fbs,True,False,13,31,True,2,0,0,0,0,0,0,0,3,0,0,0,True,0,0
401628380,2024,6,regular,Florida,57,SEC,home,UCF,Big 12,fbs,False,False,24,13,True,5,1,0,0,0,0,0,0,7,3,0,0,True,0,1
401628381,2024,6,regular,Georgia,61,SEC,home,Auburn,SEC,fbs,True,False,31,13,True,3,0,0,0,0,0,0,0,5,2,0,0,True,0,0
401628503,2024,6,regular,Indiana,84,Big Ten,away,Northwestern,Big Ten,fbs,True,True,41,24,True,2,0,0,0,0,0,0,0,6,2,9,0,True,0,0
401628504,2024,6,regular,Iowa,2294,Big Ten,away,Ohio State,Big Ten,fbs,True,False,7,35,True,1,1,0,0,1,0,0,0,2,1,1,0,True,1,1
401628505,2024,6,regular,Michigan,130,Big Ten,away,Washington,Big Ten,fbs,True,False,17,27,True,4,1,0,0,0,0,0,0,6,2,0,0,True,0,1
401628506,2024,6,regular,Michigan State,127,Big Ten,away,Oregon,Big Ten,fbs,True,False,10,31,True,0,2,1,0,0,0,0,0,4,0,0,0,True,0,2
401628507,2024,6,regular,Minnesota,135,Big Ten,home,USC,Big Ten,fbs,True,False,24,17,True,1,2,0,0,1,0,0,0,3,8,6,0,True,1,2
401628383,2024,6,regular,Missouri,142,SEC,away,Texas A&M,SEC,fbs,True,False,10,41,True,1,0,0,0,0,0,0,0,5,1,3,0,True,0,0
401628508,2024,6,regular,Nebraska,158,Big Ten,home,Rutgers,Big Ten,fbs,True,False,14,7,True,4,2,4,0,0,0,0,0,9,9,7,0,True,0,2
401628503,2024,6,regular,Northwestern,77,Big Ten,home,Indiana,Big Ten,fbs,True,True,24,41,True,0,0,0,0,0,0,0,0,2,5,1,0,True,0,0
401628504,2024,6,regular,Ohio State,194,Big Ten,home,Iowa,Big Ten,fbs,True,False,35,7,True,4,1,45,0,2,0,0,0,9,1,1,0,True,2,1
401628382,2024,6,regular,Ole Miss,145,SEC,away,South Carolina,SEC,fbs,True,False,27,3,True,6,1,0,0,1,0,0,0,10,5,4,0,True,1,1
401628506,2024,6,regular,Oregon,2483,Big Ten,home,Michigan State,Big Ten,fbs,True,False,31,10,True,5,0,0,0,1,0,0,0,6,3,1,0,True,1,0
401628510,2024,6,regular,Penn State,213,Big Ten,home,UCLA,Big Ten,fbs,True,False,27,11,True,2,0,0,0,0,0,0,0,7,2,4,0,True,0,0
401628509,2024,6,regular,Purdue,2509,Big Ten,away,Wisconsin,Big Ten,fbs,True,False,6,52,True,0,2,0,0,0,0,0,0,4,4,0,0,True,0,2
401628508,2024,6,regular,Rutgers,164,Big Ten,away,Nebraska,Big Ten,fbs,True,False,7,14,True,4,1,23,0,0,0,0,0,7,5,3,0,True,0,1
401628382,2024,6,regular,South Carolina,2579,SEC,home,Ole Miss,SEC,fbs,True,False,3,27,True,1,0,0,0,1,0,0,0,7,5,4,0,True,1,0
401628379,2024,6,regular,Tennessee,2633,SEC,away,Arkansas,SEC,fbs,True,False,14,19,True,2,0,0,0,0,0,0,0,7,2,3,0,True,0,0
401628383,2024,6,regular,Texas A&M,245,SEC,home,Missouri,SEC,fbs,True,False,41,10,True,6,0,0,0,0,0,0,0,8,5,6,0,True,0,0
401628510,2024,6,regular,UCLA,26,Big Ten,away,Penn State,Big Ten,fbs,True,False,11,27,True,1,0,0,0,0,0,0,0,4,2,1,0,True,0,0
401628507,2024,6,regular,USC,30,Big Ten,away,Minnesota,Big Ten,fbs,True,False,17,24,True,1,0,0,0,1,0,0,0,4,1,1,0,True,1,0
401628384,2024,6,regular,Vanderbilt,238,SEC,home,Alabama,SEC,fbs,True,False,40,35,True,2,1,29,1,1,1,0,0,4,3,0,0,True,1,1
401628505,2024,6,regular,Washington,264,Big Ten,home,Michigan,Big Ten,fbs,True,False,27,17,True,1,1,0,0,1,0,0,0,3,4,0,0,True,1,1
401628509,2024,6,regular,Wisconsin,275,Big Ten,home,Purdue,Big Ten,fbs,True,False,52,6,True,3,0,0,0,2,0,0,0,6,5,3,0,True,2,0
401628385,2024,7,regular,Alabama,333,SEC,home,South Carolina,SEC,fbs,True,False,27,25,True,4,1,38,0,3,0,0,0,7,2,3,0,True,3,1
401628391,2024,7,regular,Florida,57,SEC,away,Tennessee,SEC,fbs,True,False,17,23,True,3,1,20,0,1,0,0,0,8,2,1,0,True,1,1
401628386,2024,7,regular,Georgia,61,SEC,home,Mississippi State,SEC,fbs,True,False,41,31,True,0,1,0,0,0,0,0,0,3,2,0,0,True,0,1
401628511,2024,7,regular,Illinois,356,Big Ten,home,Purdue,Big Ten,fbs,True,False,50,49,True,1,0,0,0,0,0,0,0,3,4,1,0,True,0,0
401628512,2024,7,regular,Iowa,2294,Big Ten,home,Washington,Big Ten,fbs,True,False,40,16,True,4,1,32,0,1,0,0,0,5,4,7,0,True,1,1
401628387,2024,7,regular,Kentucky,96,SEC,home,Vanderbilt,SEC,fbs,True,False,13,20,True,3,1,1,0,0,0,0,0,6,1,1,0,True,0,1
401628388,2024,7,regular,LSU,99,SEC,home,Ole Miss,SEC,fbs,True,False,29,26,True,6,1,0,0,1,0,0,0,9,11,5,0,True,1,1
401628513,2024,7,regular,Maryland,120,Big Ten,home,Northwestern,Big Ten,fbs,True,False,10,37,True,2,0,0,0,0,0,0,0,8,1,2,0,True,0,0
401628514,2024,7,regular,Minnesota,135,Big Ten,away,UCLA,Big Ten,fbs,True,False,21,17,True,3,3,2,0,0,0,0,0,5,2,3,0,True,0,3
401628386,2024,7,regular,Mississippi State,344,SEC,away,Georgia,SEC,fbs,True,False,31,41,True,0,2,0,0,0,0,0,0,5,2,0,0,True,0,2
401628389,2024,7,regular,Missouri,142,SEC,away,Massachusetts,FBS Independents,fbs,False,False,45,3,True,3,1,80,0,1,0,0,0,6,3,1,0,True,1,1
401628513,2024,7,regular,Northwestern,77,Big Ten,away,Maryland,Big Ten,fbs,True,False,37,10,True,3,1,33,0,3,1,0,0,9,10,1,0,True,3,1
401628515,2024,7,regular,Ohio State,194,Big Ten,away,Oregon,Big Ten,fbs,True,False,31,32,True,0,0,0,0,0,0,0,0,2,5,2,0,True,0,0
401628390,2024,7,regular,Oklahoma,201,SEC,home,Texas,SEC,fbs,True,True,3,34,True,1,1,0,0,0,0,0,0,6,0,2,0,True,0,1
401628388,2024,7,regular,Ole Miss,145,SEC,away,LSU,SEC,fbs,True,False,26,29,True,0,2,10,0,0,0,0,0,3,9,3,0,True,0,2
401628515,2024,7,regular,Oregon,2483,Big Ten,home,Ohio State,Big Ten,fbs,True,False,32,31,True,1,0,0,0,1,0,0,0,3,0,4,0,True,1,0
401628516,2024,7,regular,Penn State,213,Big Ten,away,USC,Big Ten,fbs,True,False,33,30,True,1,1,22,0,0,0,0,0,6,4,3,0,True,0,1
401628511,2024,7,regular,Purdue,2509,Big Ten,away,Illinois,Big Ten,fbs,True,False,49,50,True,5,0,0,0,1,1,0,0,8,6,1,0,True,1,0
401628517,2024,7,regular,Rutgers,164,Big Ten,home,Wisconsin,Big Ten,fbs,True,False,7,42,True,1,1,0,0,1,0,0,0,3,3,0,0,True,1,1
401628385,2024,7,regular,South Carolina,2579,SEC,away,Alabama,SEC,fbs,True,False,25,27,True,4,2,31,0,0,0,0,0,9,0,1,1,True,0,2
401628391,2024,7,regular,Tennessee,2633,SEC,home,Florida,SEC,fbs,True,False,23,17,True,3,1,15,0,1,0,0,0,12,4,3,0,True,1,1
401628390,2024,7,regular,Texas,251,SEC,away,Oklahoma,SEC,fbs,True,True,34,3,True,5,0,0,0,2,0,0,0,11,0,3,0,True,2,0
401628514,2024,7,regular,UCLA,26,Big Ten,home,Minnesota,Big Ten,fbs,True,False,17,21,True,3,0,0,0,0,0,0,0,7,1,3,0,True,0,0
401628516,2024,7,regular,USC,30,Big Ten,home,Penn State,Big Ten,fbs,True,False,30,33,True,0,3,77,0,0,0,0,0,1,5,1,0,True,0,3
401628387,2024,7,regular,Vanderbilt,238,SEC,away,Kentucky,SEC,fbs,True,False,20,13,True,1,1,9,0,1,0,0,0,2,1,2,0,True,1,1
401628512,2024,7,regular,Washington,264,Big Ten,away,Iowa,Big Ten,fbs,True,False,16,40,True,1,0,0,0,0,0,0,0,2,2,0,0,True,0,0
401628517,2024,7,regular,Wisconsin,275,Big Ten,away,Rutgers,Big Ten,fbs,True,False,42,7,True,0,1,8,0,0,0,0,0,2,5,4,0,True,0,1
401628397,2024,8,regular,Alabama,333,SEC,away,Tennessee,SEC,fbs,True,False,17,24,True,3,2,50,0,1,0,0,0,4,3,2,0,True,1,2
401628392,2024,8,regular,Arkansas,8,SEC,home,LSU,SEC,fbs,True,False,10,34,True,0,0,0,0,0,0,0,0,1,5,7,0,True,0,0
401628395,2024,8,regular,Auburn,2,SEC,away,Missouri,SEC,fbs,True,False,17,21,True,5,0,0,0,2,1,0,0,6,4,2,0,True,2,0
401628393,2024,8,regular,Florida,57,SEC,home,Kentucky,SEC,fbs,True,False,48,20,True,1,3,81,1,0,1,0,0,3,6,9,0,True,0,3
401628398,2024,8,regular,Georgia,61,SEC,away,Texas,SEC,fbs,True,False,30,15,True,7,1,0,0,3,0,0,0,10,6,8,0,True,3,1
401628518,2024,8,regular,Illinois,356,Big Ten,home,Michigan,Big Ten,fbs,True,False,21,7,True,5,1,20,0,2,0,0,0,7,2,2,0,True,2,1
401628519,2024,8,regular,Indiana,84,Big Ten,home,Nebraska,Big Ten,fbs,True,False,56,7,True,2,3,84,0,2,0,0,0,7,2,2,0,True,2,3
401628520,2024,8,regular,Iowa,2294,Big Ten,away,Michigan State,Big Ten,fbs,True,False,20,32,True,2,1,0,0,0,0,0,0,3,2,1,0,True,0,1
401628393,2024,8,regular,Kentucky,96,SEC,away,Florida,SEC,fbs,True,False,20,48,True,2,1,63,0,0,1,1,0,8,3,2,0,True,0,1
401628392,2024,8,regular,LSU,99,SEC,away,Arkansas,SEC,fbs,True,False,34,10,True,3,1,3,0,2,0,0,0,3,5,2,0,True,2,1
401628521,2024,8,regular,Maryland,120,Big Ten,home,USC,Big Ten,fbs,True,False,29,28,True,1,1,51,0,0,0,0,0,6,5,1,0,True,0,1
401628518,2024,8,regular,Michigan,130,Big Ten,away,Illinois,Big Ten,fbs,True,False,7,21,True,1,0,0,0,0,0,0,0,8,5,2,0,True,0,0
401628520,2024,8,regular,Michigan State,127,Big Ten,home,Iowa,Big Ten,fbs,True,False,32,20,True,0,1,21,0,0,0,0,0,3,1,2,0,True,0,1
401628394,2024,8,regular,Mississippi State,344,SEC,home,Texas A&M,SEC,fbs,True,False,24,34,True,0,2,0,0,0,0,0,0,1,3,2,0,True,0,2
401628395,2024,8,regular,Missouri,142,SEC,home,Auburn,SEC,fbs,True,False,21,17,True,3,0,0,0,1,1,0,1,8,5,3,0,True,1,0
401628519,2024,8,regular,Nebraska,158,Big Ten,away,Indiana,Big Ten,fbs,True,False,7,56,True,1,1,26,0,0,0,0,0,4,3,0,0,True,0,1
401628522,2024,8,regular,Northwestern,77,Big Ten,home,Wisconsin,Big Ten,fbs,True,True,3,23,True,2,1,12,0,1,0,0,0,4,3,1,0,True,1,1
401628396,2024,8,regular,Oklahoma,201,SEC,home,South Carolina,SEC,fbs,True,False,9,35,True,6,0,0,0,0,0,0,0,11,2,5,0,True,0,0
401628523,2024,8,regular,Oregon,2483,Big Ten,away,Purdue,Big Ten,fbs,True,False,35,0,True,3,1,0,0,1,0,0,0,10,2,1,0,True,1,1
401628523,2024,8,regular,Purdue,2509,Big Ten,home,Oregon,Big Ten,fbs,True,False,0,35,True,2,1,0,0,0,0,0,0,4,1,1,0,True,0,1
401628524,2024,8,regular,Rutgers,164,Big Ten,home,UCLA,Big Ten,fbs,True,False,32,35,True,3,0,0,0,1,0,0,0,6,1,2,0,True,1,0
401628396,2024,8,regular,South Carolina,2579,SEC,away,Oklahoma,SEC,fbs,True,False,35,9,True,9,2,63,1,2,1,0,0,13,2,2,0,True,2,2
401628397,2024,8,regular,Tennessee,2633,SEC,home,Alabama,SEC,fbs,True,False,24,17,True,3,2,54,0,0,0,0,0,9,1,12,0,True,0,2
401628398,2024,8,regular,Texas,251,SEC,home,Georgia,SEC,fbs,True,False,15,30,True,1,3,36,0,0,0,0,0,4,4,5,0,True,0,3
401628394,2024,8,regular,Texas A&M,245,SEC,away,Mississippi State,SEC,fbs,True,False,34,24,True,3,1,32,0,0,0,0,0,11,9,4,0,True,0,1
401628524,2024,8,regular,UCLA,26,Big Ten,away,Rutgers,Big Ten,fbs,True,False,35,32,True,1,1,10,0,0,0,0,0,1,3,0,0,True,0,1
401628521,2024,8,regular,USC,30,Big Ten,away,Maryland,Big Ten,fbs,True,False,28,29,True,2,1,0,0,1,0,0,0,6,4,1,0,True,1,1
401628399,2024,8,regular,Vanderbilt,238,SEC,home,Ball State,Mid-American,fbs,False,False,24,14,True,2,0,0,0,0,0,0,0,5,3,1,0,True,0,0
401628522,2024,8,regular,Wisconsin,275,Big Ten,away,Northwestern,Big Ten,fbs,True,True,23,3,True,2,0,0,0,1,0,0,0,4,7,2,1,True,1,0
401628400,2024,9,regular,Alabama,333,SEC,home,Missouri,SEC,fbs,True,False,34,0,True,1,3,31,0,0,0,0,0,3,1,5,0,True,0,3
401628403,2024,9,regular,Arkansas,8,SEC,away,Mississippi State,SEC,fbs,True,False,58,25,True,4,2,8,0,3,0,0,0,6,4,1,0,True,3,2
401628401,2024,9,regular,Auburn,2,SEC,away,Kentucky,SEC,fbs,True,False,24,10,True,3,2,6,0,0,0,0,0,5,2,2,0,True,0,2
401628525,2024,9,regular,Illinois,356,Big Ten,away,Oregon,Big Ten,fbs,True,False,9,38,True,1,1,27,0,0,0,0,0,1,0,1,0,True,0,1
401628526,2024,9,regular,Indiana,84,Big Ten,home,Washington,Big Ten,fbs,True,False,31,17,True,3,2,67,1,0,1,0,0,6,3,1,0,True,0,2
401628527,2024,9,regular,Iowa,2294,Big Ten,home,Northwestern,Big Ten,fbs,True,False,40,14,True,2,2,18,0,1,1,0,1,7,3,2,1,True,1,2
401628401,2024,9,regular,Kentucky,96,SEC,home,Auburn,SEC,fbs,True,False,10,24,True,4,1,-1,0,0,0,0,0,7,1,2,0,True,0,1
401628404,2024,9,regular,LSU,99,SEC,away,Texas A&M,SEC,fbs,True,False,23,38,True,4,0,0,0,1,0,0,0,5,2,4,0,True,1,0
401628528,2024,9,regular,Maryland,120,Big Ten,away,Minnesota,Big Ten,fbs,True,False,23,48,True,0,0,0,0,0,0,0,0,8,0,0,0,True,0,0
401628529,2024,9,regular,Michigan,130,Big Ten,home,Michigan State,Big Ten,fbs,True,False,24,17,True,3,0,0,0,1,0,0,0,6,3,0,0,True,1,0
401628529,2024,9,regular,Michigan State,127,Big Ten,away,Michigan,Big Ten,fbs,True,False,17,24,True,0,0,0,0,0,0,0,0,4,0,0,0,True,0,0
401628528,2024,9,regular,Minnesota,135,Big Ten,home,Maryland,Big Ten,fbs,True,False,48,23,True,0,2,77,1,0,1,0,0,2,9,6,0,True,0,2
401628403,2024,9,regular,Mississippi State,344,SEC,home,Arkansas,SEC,fbs,True,False,25,58,True,0,1,21,0,0,0,0,0,2,4,2,0,True,0,1
401628400,2024,9,regular,Missouri,142,SEC,away,Alabama,SEC,fbs,True,False,0,34,True,2,0,0,0,0,0,0,0,5,2,1,0,True,0,0
401628530,2024,9,regular,Nebraska,158,Big Ten,away,Ohio State,Big Ten,fbs,True,False,17,21,True,2,1,34,0,0,0,0,0,7,1,0,0,True,0,1
401628527,2024,9,regular,Northwestern,77,Big Ten,away,Iowa,Big Ten,fbs,True,False,14,40,True,0,1,85,1,0,2,0,1,5,0,1,0,True,0,1
401628530,2024,9,regular,Ohio State,194,Big Ten,home,Nebraska,Big Ten,fbs,True,False,21,17,True,3,1,0,0,0,0,0,0,13,1,0,0,True,0,1
401628402,2024,9,regular,Oklahoma,201,SEC,away,Ole Miss,SEC,fbs,True,False,14,26,True,1,0,0,0,1,0,0,0,9,1,3,0,True,1,0
401628402,2024,9,regular,Ole Miss,145,SEC,home,Oklahoma,SEC,fbs,True,False,26,14,True,10,0,0,0,2,0,0,0,15,5,3,0,True,2,0
401628525,2024,9,regular,Oregon,2483,Big Ten,home,Illinois,Big Ten,fbs,True,False,38,9,True,3,2,6,0,0,0,0,0,7,8,5,0,True,0,2
401628531,2024,9,regular,Penn State,213,Big Ten,away,Wisconsin,Big Ten,fbs,True,False,28,13,True,0,1,19,1,0,1,0,0,5,4,0,0,True,0,1
401628532,2024,9,regular,Rutgers,164,Big Ten,away,USC,Big Ten,fbs,True,False,20,42,True,0,0,0,0,0,0,0,0,1,4,1,0,True,0,0
401628405,2024,9,regular,Texas,251,SEC,away,Vanderbilt,SEC,fbs,True,False,27,24,True,0,2,15,0,1,0,0,0,2,7,5,0,True,1,2
401628404,2024,9,regular,Texas A&M,245,SEC,home,LSU,SEC,fbs,True,False,38,23,True,2,3,29,0,0,0,0,0,6,5,4,0,True,0,3
401628532,2024,9,regular,USC,30,Big Ten,home,Rutgers,Big Ten,fbs,True,False,42,20,True,4,0,0,0,0,0,0,0,7,9,5,0,True,0,0
401628405,2024,9,regular,Vanderbilt,238,SEC,home,Texas,SEC,fbs,True,False,24,27,True,4,2,4,0,0,0,0,0,9,5,2,0,True,0,2
401628526,2024,9,regular,Washington,264,Big Ten,away,Indiana,Big Ten,fbs,True,False,17,31,True,0,1,1,0,0,0,0,0,0,3,2,0,True,0,1
401628531,2024,9,regular,Wisconsin,275,Big Ten,home,Penn State,Big Ten,fbs,True,False,13,28,True,1,0,0,0,1,0,0,0,3,0,0,0,True,1,0
401628406,2024,10,regular,Arkansas,8,SEC,home,Ole Miss,SEC,fbs,True,False,31,63,True,1,0,0,0,0,0,0,0,3,1,4,0,True,0,0
401628407,2024,10,regular,Auburn,2,SEC,home,Vanderbilt,SEC,fbs,True,False,7,17,True,0,0,0,0,0,0,0,0,3,6,3,0,True,0,0
401628408,2024,10,regular,Florida,57,SEC,away,Georgia,SEC,fbs,True,True,20,34,True,2,3,62,0,0,0,0,0,4,3,4,0,True,0,3
401628408,2024,10,regular,Georgia,61,SEC,home,Florida,SEC,fbs,True,True,34,20,True,2,1,8,0,1,0,0,0,6,3,7,0,True,0,1
401628533,2024,10,regular,Illinois,356,Big Ten,home,Minnesota,Big Ten,fbs,True,False,17,25,True,2,0,0,0,0,0,0,0,4,4,5,0,True,0,0
401628534,2024,10,regular,Indiana,84,Big Ten,away,Michigan State,Big Ten,fbs,True,False,47,10,True,7,2,15,0,0,0,0,0,15,2,3,0,True,0,2
401628535,2024,10,regular,Iowa,2294,Big Ten,home,Wisconsin,Big Ten,fbs,True,False,42,10,True,1,2,42,0,0,0,0,0,4,5,1,0,True,0,2
401628412,2024,10,regular,Kentucky,96,SEC,away,Tennessee,SEC,fbs,True,False,18,28,True,2,0,0,0,1,0,0,0,4,3,2,0,True,1,0
401628536,2024,10,regular,Michigan,130,Big Ten,home,Oregon,Big Ten,fbs,True,False,17,38,True,0,0,0,0,1,0,0,0,3,3,5,0,True,1,0
401628534,2024,10,regular,Michigan State,127,Big Ten,home,Indiana,Big Ten,fbs,True,False,10,47,True,0,0,0,0,0,0,0,0,3,3,0,0,True,0,0
401628533,2024,10,regular,Minnesota,135,Big Ten,away,Illinois,Big Ten,fbs,True,False,25,17,True,4,0,0,0,2,0,0,0,8,7,2,0,True,2,0
401628409,2024,10,regular,Mississippi State,344,SEC,home,Massachusetts,FBS Independents,fbs,False,False,45,20,True,2,1,0,0,0,0,0,0,6,6,3,0,True,0,1
401628537,2024,10,regular,Nebraska,158,Big Ten,home,UCLA,Big Ten,fbs,True,False,20,27,True,2,0,0,0,0,0,0,0,4,2,2,0,True,0,0
401628538,2024,10,regular,Northwestern,77,Big Ten,away,Purdue,Big Ten,fbs,True,False,26,20,True,2,0,0,0,0,0,0,0,6,3,2,0,True,0,0
401628539,2024,10,regular,Ohio State,194,Big Ten,away,Penn State,Big Ten,fbs,True,False,20,13,True,2,1,0,0,0,0,0,0,3,3,0,0,True,0,1
401628410,2024,10,regular,Oklahoma,201,SEC,home,Maine,Coastal Athletic,fcs,False,False,59,14,True,3,0,0,0,1,0,0,0,6,7,2,0,True,1,0
401628406,2024,10,regular,Ole Miss,145,SEC,away,Arkansas,SEC,fbs,True,False,63,31,True,8,0,0,0,1,1,0,0,13,2,1,0,True,2,0
401628536,2024,10,regular,Oregon,2483,Big Ten,away,Michigan,Big Ten,fbs,True,False,38,17,True,0,0,0,0,0,0,0,0,7,2,3,0,True,0,0
401628539,2024,10,regular,Penn State,213,Big Ten,home,Ohio State,Big Ten,fbs,True,False,13,20,True,3,1,31,1,1,1,0,0,6,3,0,0,True,1,1
401628538,2024,10,regular,Purdue,2509,Big Ten,home,Northwestern,Big Ten,fbs,True,False,20,26,True,1,1,0,0,0,0,0,0,2,2,2,0,True,0,1
401628411,2024,10,regular,South Carolina,2579,SEC,home,Texas A&M,SEC,fbs,True,False,44,20,True,3,1,2,0,1,0,0,0,6,1,1,0,True,1,1
401628412,2024,10,regular,Tennessee,2633,SEC,home,Kentucky,SEC,fbs,True,False,28,18,True,3,2,67,0,1,0,0,0,3,3,7,0,True,1,2
401628411,2024,10,regular,Texas A&M,245,SEC,away,South Carolina,SEC,fbs,True,False,20,44,True,0,0,0,0,1,0,0,0,6,4,1,0,True,1,0
401628537,2024,10,regular,UCLA,26,Big Ten,away,Nebraska,Big Ten,fbs,True,False,27,20,True,4,2,38,1,0,1,0,0,7,7,7,0,True,0,2
401628540,2024,10,regular,USC,30,Big Ten,away,Washington,Big Ten,fbs,True,False,21,26,True,0,0,0,0,0,0,0,0,3,4,0,0,True,0,0
401628407,2024,10,regular,Vanderbilt,238,SEC,away,Auburn,SEC,fbs,True,False,17,7,True,3,0,0,0,1,0,0,0,7,4,0,0,True,1,0
401628540,2024,10,regular,Washington,264,Big Ten,home,USC,Big Ten,fbs,True,False,26,21,True,0,3,66,0,0,0,0,0,3,8,0,0,True,0,3
401628535,2024,10,regular,Wisconsin,275,Big Ten,away,Iowa,Big Ten,fbs,True,False,10,42,True,1,0,0,0,0,0,0,0,3,0,1,0,True,0,0
401628413,2024,11,regular,Alabama,333,SEC,away,LSU,SEC,fbs,True,False,42,13,True,2,2,0,0,1,0,0,0,5,2,2,0,True,1,2
401628417,2024,11,regular,Florida,57,SEC,away,Texas,SEC,fbs,True,False,17,49,True,1,0,0,0,1,0,0,0,3,1,1,0,True,1,0
401628414,2024,11,regular,Georgia,61,SEC,away,Ole Miss,SEC,fbs,True,False,10,28,True,1,1,13,0,0,0,0,0,6,1,4,0,True,0,1
401628541,2024,11,regular,Indiana,84,Big Ten,home,Michigan,Big Ten,fbs,True,False,20,15,True,0,0,0,0,1,0,0,0,4,8,3,0,True,1,0
401628542,2024,11,regular,Iowa,2294,Big Ten,away,UCLA,Big Ten,fbs,True,False,17,20,True,0,2,0,0,1,0,0,0,4,2,7,0,True,1,2
401628413,2024,11,regular,LSU,99,SEC,home,Alabama,SEC,fbs,True,False,13,42,True,0,0,0,0,0,0,0,0,3,2,2,0,True,0,0
401628543,2024,11,regular,Maryland,120,Big Ten,away,Oregon,Big Ten,fbs,True,False,18,39,True,0,0,0,0,0,0,0,0,4,2,1,0,True,0,0
401628541,2024,11,regular,Michigan,130,Big Ten,away,Indiana,Big Ten,fbs,True,False,15,20,True,4,1,1,0,0,0,0,0,8,4,0,0,True,0,1
401628544,2024,11,regular,Minnesota,135,Big Ten,away,Rutgers,Big Ten,fbs,True,False,19,26,True,2,1,0,0,0,0,0,0,4,3,3,0,True,0,1
401628416,2024,11,regular,Mississippi State,344,SEC,away,Tennessee,SEC,fbs,True,False,14,33,True,0,0,0,0,1,0,0,0,3,1,0,0,True,1,0
401628415,2024,11,regular,Missouri,142,SEC,home,Oklahoma,SEC,fbs,True,False,30,23,True,3,0,0,0,4,1,0,0,7,3,1,0,True,4,0
401628545,2024,11,regular,Ohio State,194,Big Ten,home,Purdue,Big Ten,fbs,True,False,45,0,True,4,1,24,0,1,1,0,0,5,6,5,0,True,1,1
401628415,2024,11,regular,Oklahoma,201,SEC,away,Missouri,SEC,fbs,True,False,23,30,True,3,0,0,0,1,1,0,0,8,1,3,0,True,1,0
401628414,2024,11,regular,Ole Miss,145,SEC,home,Georgia,SEC,fbs,True,False,28,10,True,5,1,10,0,2,0,0,0,9,5,5,0,True,2,1
401628543,2024,11,regular,Oregon,2483,Big Ten,home,Maryland,Big Ten,fbs,True,False,39,18,True,2,2,9,0,1,1,0,0,2,9,7,0,True,1,2
401628546,2024,11,regular,Penn State,213,Big Ten,home,Washington,Big Ten,fbs,True,False,35,6,True,5,1,9,0,0,0,0,0,9,2,2,0,True,0,1
401628545,2024,11,regular,Purdue,2509,Big Ten,away,Ohio State,Big Ten,fbs,True,False,0,45,True,1,0,0,0,0,0,0,0,3,3,0,0,True,0,0
401628544,2024,11,regular,Rutgers,164,Big Ten,home,Minnesota,Big Ten,fbs,True,False,26,19,True,4,0,0,0,1,0,0,0,8,8,3,1,True,1,0
401628418,2024,11,regular,South Carolina,2579,SEC,away,Vanderbilt,SEC,fbs,True,False,28,7,True,2,0,0,0,1,0,0,0,6,8,8,0,True,1,0
401628416,2024,11,regular,Tennessee,2633,SEC,home,Mississippi State,SEC,fbs,True,False,33,14,True,4,1,9,0,1,0,0,0,9,4,5,0,True,1,1
401628417,2024,11,regular,Texas,251,SEC,home,Florida,SEC,fbs,True,False,49,17,True,1,2,14,0,1,0,0,0,4,4,4,0,True,1,2
401628542,2024,11,regular,UCLA,26,Big Ten,home,Iowa,Big Ten,fbs,True,False,20,17,True,3,2,13,0,1,0,0,0,8,2,2,0,True,1,2
401628418,2024,11,regular,Vanderbilt,238,SEC,home,South Carolina,SEC,fbs,True,False,7,28,True,0,0,0,0,1,0,0,0,5,4,0,0,True,1,0
401628546,2024,11,regular,Washington,264,Big Ten,away,Penn State,Big Ten,fbs,True,False,6,35,True,0,0,0,0,2,0,0,0,0,0,1,0,True,1,0
401628425,2024,12,regular,Alabama,333,SEC,home,Mercer,Southern,fcs,False,False,52,7,True,1,1,0,0,2,1,0,0,4,5,1,0,True,2,1
401628419,2024,12,regular,Arkansas,8,SEC,home,Texas,SEC,fbs,True,False,10,20,True,2,0,0,0,0,0,0,0,9,4,1,0,True,0,0
401628426,2024,12,regular,Auburn,2,SEC,home,UL Monroe,Sun Belt,fbs,False,False,48,14,True,3,0,0,0,0,0,0,0,6,2,0,0,True,0,0
401628420,2024,12,regular,Florida,57,SEC,home,LSU,SEC,fbs,True,False,27,16,True,7,0,0,0,1,0,0,0,11,6,6,0,True,1,0
401628421,2024,12,regular,Georgia,61,SEC,home,Tennessee,SEC,fbs,True,False,31,17,True,5,0,0,0,1,0,0,0,6,3,0,0,True,1,0
401628547,2024,12,regular,Illinois,356,Big Ten,home,Michigan State,Big Ten,fbs,True,False,38,16,True,5,0,0,0,0,0,0,0,8,4,6,0,True,0,0
401628422,2024,12,regular,Kentucky,96,SEC,home,Murray State,MVFC,fcs,False,False,48,6,True,1,3,0,0,0,0,0,0,2,2,1,0,True,0,3
401628420,2024,12,regular,LSU,99,SEC,away,Florida,SEC,fbs,True,False,16,27,True,0,0,0,0,0,0,0,0,1,4,8,0,True,0,0
401628548,2024,12,regular,Maryland,120,Big Ten,home,Rutgers,Big Ten,fbs,True,False,17,31,True,0,0,0,0,0,0,0,0,6,3,0,0,True,0,0
401628547,2024,12,regular,Michigan State,127,Big Ten,away,Illinois,Big Ten,fbs,True,False,16,38,True,0,0,0,0,0,0,0,0,3,1,5,0,True,0,0
401628423,2024,12,regular,Missouri,142,SEC,away,South Carolina,SEC,fbs,True,False,30,34,True,1,1,19,0,0,0,0,0,5,1,6,0,True,0,1
401628549,2024,12,regular,Nebraska,158,Big Ten,away,USC,Big Ten,fbs,True,False,20,28,True,1,1,45,1,1,1,0,0,5,2,3,0,True,1,1
401628550,2024,12,regular,Northwestern,77,Big Ten,home,Ohio State,Big Ten,fbs,True,True,7,31,True,1,0,0,0,0,0,0,0,2,3,2,0,True,0,0
401628550,2024,12,regular,Ohio State,194,Big Ten,away,Northwestern,Big Ten,fbs,True,True,31,7,True,4,0,0,0,1,0,0,0,6,6,4,0,True,1,0
401628551,2024,12,regular,Oregon,2483,Big Ten,away,Wisconsin,Big Ten,fbs,True,False,16,13,True,2,1,-1,0,0,0,0,0,6,3,0,0,True,0,1
401628552,2024,12,regular,Penn State,213,Big Ten,away,Purdue,Big Ten,fbs,True,False,49,10,True,3,0,0,0,0,0,0,0,9,3,3,0,True,0,0
401628552,2024,12,regular,Purdue,2509,Big Ten,home,Penn State,Big Ten,fbs,True,False,10,49,True,0,0,0,0,0,0,0,0,7,0,0,0,True,0,0
401628548,2024,12,regular,Rutgers,164,Big Ten,away,Maryland,Big Ten,fbs,True,False,31,17,True,1,1,0,0,0,0,0,0,2,5,0,0,True,0,1
401628423,2024,12,regular,South Carolina,2579,SEC,home,Missouri,SEC,fbs,True,False,34,30,True,2,1,0,0,0,0,0,0,4,2,3,0,True,0,1
401628421,2024,12,regular,Tennessee,2633,SEC,away,Georgia,SEC,fbs,True,False,17,31,True,0,0,0,0,0,0,0,0,2,6,0,0,True,0,0
401628419,2024,12,regular,Texas,251,SEC,away,Arkansas,SEC,fbs,True,False,20,10,True,6,1,-1,0,1,0,0,0,9,2,3,0,True,1,1
401628424,2024,12,regular,Texas A&M,245,SEC,home,New Mexico State,Conference USA,fbs,False,False,38,3,True,2,0,0,0,0,0,0,0,10,7,2,0,True,0,0
401628553,2024,12,regular,UCLA,26,Big Ten,away,Washington,Big Ten,fbs,True,False,19,31,True,1,2,20,0,0,0,0,0,5,3,0,0,True,0,2
401628549,2024,12,regular,USC,30,Big Ten,home,Nebraska,Big Ten,fbs,True,False,28,20,True,2,2,0,0,0,0,0,0,5,4,1,0,True,0,2
401628553,2024,12,regular,Washington,264,Big Ten,home,UCLA,Big Ten,fbs,True,False,31,19,True,6,0,0,0,2,0,0,0,9,6,0,0,True,2,0
401628551,2024,12,regular,Wisconsin,275,Big Ten,home,Oregon,Big Ten,fbs,True,False,13,16,True,2,1,10,0,0,0,0,0,5,1,2,0,True,0,1
401628433,2024,13,regular,Alabama,333,SEC,away,Oklahoma,SEC,fbs,True,False,3,24,True,1,0,0,0,1,0,0,0,4,0,0,0,True,1,0
401628427,2024,13,regular,Arkansas,8,SEC,home,Louisiana Tech,Conference USA,fbs,False,False,35,14,True,3,0,0,0,1,0,0,0,6,5,7,0,True,1,0
401628428,2024,13,regular,Auburn,2,SEC,home,Texas A&M,SEC,fbs,True,False,43,41,True,4,1,0,0,0,0,0,0,7,3,2,0,True,0,1
401628429,2024,13,regular,Florida,57,SEC,home,Ole Miss,SEC,fbs,True,False,24,17,True,4,2,0,0,1,0,0,0,9,6,4,0,True,1,2
401628430,2024,13,regular,Georgia,61,SEC,home,Massachusetts,FBS Independents,fbs,False,False,59,21,True,3,0,0,0,2,1,0,0,4,1,0,0,True,2,0
401628554,2024,13,regular,Illinois,356,Big Ten,away,Rutgers,Big Ten,fbs,True,False,38,31,True,0,0,0,0,1,0,0,0,2,4,2,0,True,1,0
401628555,2024,13,regular,Indiana,84,Big Ten,away,Ohio State,Big Ten,fbs,True,False,15,38,True,0,1,0,0,0,0,0,0,3,3,0,0,True,0,1
401628556,2024,13,regular,Iowa,2294,Big Ten,away,Maryland,Big Ten,fbs,True,False,29,13,True,3,2,0,0,0,0,0,0,7,3,1,0,True,0,2
401628436,2024,13,regular,Kentucky,96,SEC,away,Texas,SEC,fbs,True,False,14,31,True,1,0,0,0,2,1,0,0,4,4,5,0,True,2,0
401628431,2024,13,regular,LSU,99,SEC,home,Vanderbilt,SEC,fbs,True,False,24,17,True,1,0,0,0,0,0,0,0,2,0,8,0,True,0,0
401628556,2024,13,regular,Maryland,120,Big Ten,home,Iowa,Big Ten,fbs,True,False,13,29,True,1,0,0,0,1,0,0,0,5,0,0,0,True,1,0
401628557,2024,13,regular,Michigan,130,Big Ten,home,Northwestern,Big Ten,fbs,True,False,50,6,True,6,2,1,0,0,0,0,0,8,3,2,1,True,0,2
401628558,2024,13,regular,Michigan State,127,Big Ten,home,Purdue,Big Ten,fbs,True,False,24,17,True,3,1,0,0,1,0,0,0,9,7,8,0,True,1,1
401628559,2024,13,regular,Minnesota,135,Big Ten,home,Penn State,Big Ten,fbs,True,False,25,26,True,2,0,0,0,0,0,0,0,7,1,1,0,True,0,0
401628432,2024,13,regular,Mississippi State,344,SEC,home,Missouri,SEC,fbs,True,False,20,39,True,1,0,0,0,0,0,0,0,3,2,1,0,True,0,0
401628432,2024,13,regular,Missouri,142,SEC,away,Mississippi State,SEC,fbs,True,False,39,20,True,2,0,0,0,1,1,0,0,3,1,1,0,True,1,0
401628560,2024,13,regular,Nebraska,158,Big Ten,home,Wisconsin,Big Ten,fbs,True,False,44,25,True,0,1,7,0,1,0,0,0,3,3,3,0,True,1,1
401628557,2024,13,regular,Northwestern,77,Big Ten,away,Michigan,Big Ten,fbs,True,False,6,50,True,1,1,25,0,0,0,0,0,5,1,2,0,True,0,1
401628555,2024,13,regular,Ohio State,194,Big Ten,home,Indiana,Big Ten,fbs,True,False,38,15,True,5,0,0,0,1,1,0,1,8,1,1,0,True,1,0
401628433,2024,13,regular,Oklahoma,201,SEC,home,Alabama,SEC,fbs,True,False,24,3,True,1,3,83,1,0,1,0,0,9,2,4,0,True,0,3
401628429,2024,13,regular,Ole Miss,145,SEC,away,Florida,SEC,fbs,True,False,17,24,True,3,1,0,0,0,0,0,0,5,4,0,0,True,0,1
401628559,2024,13,regular,Penn State,213,Big Ten,away,Minnesota,Big Ten,fbs,True,False,26,25,True,1,1,29,0,1,0,0,0,9,0,4,0,True,1,1
401628558,2024,13,regular,Purdue,2509,Big Ten,away,Michigan State,Big Ten,fbs,True,False,17,24,True,2,0,0,0,0,0,0,0,6,3,1,0,True,0,0
401628554,2024,13,regular,Rutgers,164,Big Ten,home,Illinois,Big Ten,fbs,True,False,31,38,True,1,0,0,0,0,0,0,0,3,3,4,1,True,0,0
401628434,2024,13,regular,South Carolina,2579,SEC,home,Wofford,Southern,fcs,False,False,56,12,True,4,0,0,0,0,0,0,0,8,2,2,0,True,0,0
401628435,2024,13,regular,Tennessee,2633,SEC,home,UTEP,Conference USA,fbs,False,False,56,0,True,4,2,0,0,1,0,0,0,15,2,5,0,True,1,2
401628436,2024,13,regular,Texas,251,SEC,home,Kentucky,SEC,fbs,True,False,31,14,True,6,2,0,0,0,0,0,0,12,3,3,0,True,0,2
401628428,2024,13,regular,Texas A&M,245,SEC,away,Auburn,SEC,fbs,True,False,41,43,True,2,1,4,0,0,0,0,0,5,4,3,0,True,0,1
401628561,2024,13,regular,UCLA,26,Big Ten,home,USC,Big Ten,fbs,True,False,13,19,True,2,0,0,0,0,0,0,0,6,7,5,0,True,0,0
401628561,2024,13,regular,USC,30,Big Ten,away,UCLA,Big Ten,fbs,True,False,19,13,True,3,0,0,0,0,0,0,0,3,3,4,0,True,0,0
401628431,2024,13,regular,Vanderbilt,238,SEC,away,LSU,SEC,fbs,True,False,17,24,True,1,0,0,0,0,0,0,0,2,4,0,0,True,0,0
401628560,2024,13,regular,Wisconsin,275,Big Ten,away,Nebraska,Big Ten,fbs,True,False,25,44,True,0,0,0,0,1,0,0,0,0,2,1,0,True,1,0
401628437,2024,14,regular,Alabama,333,SEC,home,Auburn,SEC,fbs,True,False,28,14,True,1,2,3,0,0,0,0,0,5,5,11,0,True,0,2
401628443,2024,14,regular,Arkansas,8,SEC,away,Missouri,SEC,fbs,True,False,21,28,True,1,0,0,0,0,0,0,0,2,2,0,0,True,0,0
401628437,2024,14,regular,Auburn,2,SEC,away,Alabama,SEC,fbs,True,False,14,28,True,1,1,0,0,3,0,0,0,7,1,1,0,True,3,1
401628438,2024,14,regular,Florida,57,SEC,away,Florida State,ACC,fbs,False,False,31,11,True,8,0,0,0,5,0,0,0,14,3,3,0,True,5,0
401628439,2024,14,regular,Georgia,61,SEC,home,Georgia Tech,ACC,fbs,False,False,44,42,True,1,0,0,0,1,0,0,0,3,3,0,0,True,1,0
401628563,2024,14,regular,Illinois,356,Big Ten,away,Northwestern,Big Ten,fbs,True,True,38,28,True,2,3,36,0,1,0,0,0,3,7,9,0,True,1,3
401628564,2024,14,regular,Indiana,84,Big Ten,home,Purdue,Big Ten,fbs,True,False,66,0,True,2,2,0,0,3,0,0,0,9,3,6,0,True,3,2
401628562,2024,14,regular,Iowa,2294,Big Ten,home,Nebraska,Big Ten,fbs,True,False,13,10,True,4,0,0,0,2,0,0,0,8,2,5,0,True,2,0
401628440,2024,14,regular,Kentucky,96,SEC,home,Louisville,ACC,fbs,False,False,14,41,True,0,0,0,0,1,0,0,0,5,3,0,0,True,1,0
401628441,2024,14,regular,LSU,99,SEC,home,Oklahoma,SEC,fbs,True,False,37,17,True,4,1,16,0,0,1,1,0,10,1,4,0,True,0,1
401628565,2024,14,regular,Maryland,120,Big Ten,away,Penn State,Big Ten,fbs,True,False,7,44,True,0,0,0,0,1,0,0,0,8,1,0,0,True,1,0
401628566,2024,14,regular,Michigan,130,Big Ten,away,Ohio State,Big Ten,fbs,True,False,13,10,True,0,2,11,0,0,0,0,0,4,4,3,0,True,0,2
401628567,2024,14,regular,Michigan State,127,Big Ten,home,Rutgers,Big Ten,fbs,True,False,14,41,True,1,0,0,0,0,0,0,0,5,3,0,0,True,0,0
401628568,2024,14,regular,Minnesota,135,Big Ten,away,Wisconsin,Big Ten,fbs,True,False,24,7,True,2,0,0,0,0,0,0,0,4,10,2,0,True,0,0
401628442,2024,14,regular,Mississippi State,344,SEC,away,Ole Miss,SEC,fbs,True,False,14,26,True,2,0,0,0,0,0,0,0,8,3,1,0,True,0,0
401628443,2024,14,regular,Missouri,142,SEC,home,Arkansas,SEC,fbs,True,False,28,21,True,2,0,0,0,2,0,0,0,4,8,3,0,True,2,0
401628562,2024,14,regular,Nebraska,158,Big Ten,away,Iowa,Big Ten,fbs,True,False,10,13,True,1,0,0,0,0,0,0,0,9,2,1,0,True,0,0
401628563,2024,14,regular,Northwestern,77,Big Ten,home,Illinois,Big Ten,fbs,True,True,28,38,True,2,2,13,1,0,1,0,0,5,2,2,0,True,0,2
401628566,2024,14,regular,Ohio State,194,Big Ten,home,Michigan,Big Ten,fbs,True,False,10,13,True,0,2,12,0,0,0,0,0,3,2,1,0,True,0,2
401628441,2024,14,regular,Oklahoma,201,SEC,away,LSU,SEC,fbs,True,False,17,37,True,2,0,0,0,1,1,0,0,3,2,3,0,True,1,0
401628442,2024,14,regular,Ole Miss,145,SEC,home,Mississippi State,SEC,fbs,True,False,26,14,True,3,2,10,0,1,0,0,0,8,5,3,0,True,1,2
401628569,2024,14,regular,Oregon,2483,Big Ten,home,Washington,Big Ten,fbs,True,False,49,21,True,10,0,0,0,1,0,0,0,16,1,1,0,True,1,0
401628565,2024,14,regular,Penn State,213,Big Ten,home,Maryland,Big Ten,fbs,True,False,44,7,True,6,3,54,0,0,0,0,0,6,1,5,0,True,0,3
401628564,2024,14,regular,Purdue,2509,Big Ten,away,Indiana,Big Ten,fbs,True,False,0,66,True,2,0,0,0,0,0,0,0,5,3,0,0,True,0,0
401628567,2024,14,regular,Rutgers,164,Big Ten,away,Michigan State,Big Ten,fbs,True,False,41,14,True,2,1,0,0,0,0,0,0,4,2,1,0,True,0,1
401628444,2024,14,regular,South Carolina,2579,SEC,away,Clemson,ACC,fbs,False,False,17,14,True,1,1,0,0,1,0,0,0,3,2,0,0,True,1,1
401628446,2024,14,regular,Tennessee,2633,SEC,away,Vanderbilt,SEC,fbs,True,False,36,23,True,3,1,0,0,0,0,0,0,5,4,1,1,True,0,1
401628445,2024,14,regular,Texas,251,SEC,away,Texas A&M,SEC,fbs,True,False,17,7,True,3,1,0,0,1,0,0,0,6,4,2,0,True,1,1
401628445,2024,14,regular,Texas A&M,245,SEC,home,Texas,SEC,fbs,True,False,7,17,True,1,1,93,1,1,1,0,0,8,4,0,0,True,1,1
401628570,2024,14,regular,UCLA,26,Big Ten,home,Fresno State,Mountain West,fbs,False,False,20,13,True,2,0,0,0,1,0,0,0,4,7,2,0,True,1,0
401628571,2024,14,regular,USC,30,Big Ten,home,Notre Dame,FBS Independents,fbs,False,False,35,49,True,2,1,15,0,1,0,0,0,3,0,1,0,True,1,1
401628446,2024,14,regular,Vanderbilt,238,SEC,home,Tennessee,SEC,fbs,True,False,23,36,True,0,1,-1,0,1,1,1,0,2,4,1,0,True,1,1
401628569,2024,14,regular,Washington,264,Big Ten,away,Oregon,Big Ten,fbs,True,False,21,49,True,0,0,0,0,1,0,0,0,0,1,2,0,True,1,0
401628568,2024,14,regular,Wisconsin,275,Big Ten,home,Minnesota,Big Ten,fbs,True,False,7,24,True,1,0,0,0,0,0,0,0,3,4,0,0,True,0,0
401673469,2024,15,regular,Georgia,61,SEC,away,Texas,SEC,fbs,True,True,22,19,True,6,2,2,0,1,0,0,0,15,3,2,0,True,1,2
401673464,2024,15,regular,Oregon,2483,Big Ten,home,Penn State,Big Ten,fbs,True,True,45,37,True,1,2,24,0,0,0,0,0,1,2,0,0,True,0,2
401673464,2024,15,regular,Penn State,213,Big Ten,away,Oregon,Big Ten,fbs,True,True,37,45,True,1,0,0,0,0,0,0,0,1,0,0,0,True,0,0
401673469,2024,15,regular,Texas,251,SEC,home,Georgia,SEC,fbs,True,True,19,22,True,3,1,17,0,1,0,0,0,10,5,2,0,True,1,1
401677102,2024,1,postseason,Alabama,333,SEC,away,Michigan,Big Ten,fbs,False,True,13,19,True,2,1,2,0,0,0,0,0,8,1,1,0,True,0,1
401677092,2024,1,postseason,Arkansas,8,SEC,home,Texas Tech,Big 12,fbs,False,True,39,26,True,1,2,73,0,0,0,0,0,4,4,2,1,True,0,2
401677084,2024,1,postseason,Florida,57,SEC,home,Tulane,American Athletic,fbs,False,True,33,8,True,1,3,4,0,0,0,0,0,4,3,4,0,True,0,3
401677184,2024,1,postseason,Georgia,61,SEC,home,Notre Dame,FBS Independents,fbs,False,True,10,23,True,1,0,0,0,0,0,0,0,1,4,2,0,True,0,0
401677103,2024,1,postseason,Illinois,356,Big Ten,home,South Carolina,SEC,fbs,False,True,21,17,True,2,0,0,0,1,0,0,0,5,4,1,0,True,1,0
401677179,2024,1,postseason,Indiana,84,Big Ten,away,Notre Dame,FBS Independents,fbs,False,False,17,27,True,2,1,3,0,0,0,0,0,10,3,1,0,True,0,1
401677101,2024,1,postseason,Iowa,2294,Big Ten,away,Missouri,SEC,fbs,False,True,24,27,True,2,0,0,0,0,1,1,0,6,3,1,0,True,0,0
401677104,2024,1,postseason,LSU,99,SEC,home,Baylor,Big 12,fbs,False,True,44,31,True,1,1,41,1,0,2,1,0,3,5,1,0,True,0,1
401677102,2024,1,postseason,Michigan,130,Big Ten,home,Alabama,SEC,fbs,False,True,19,13,True,5,1,3,0,2,0,0,0,6,4,3,0,True,2,1
401677107,2024,1,postseason,Minnesota,135,Big Ten,away,Virginia Tech,ACC,fbs,False,True,24,10,True,5,1,32,0,0,0,0,0,9,2,3,0,True,0,1
401677101,2024,1,postseason,Missouri,142,SEC,home,Iowa,Big Ten,fbs,False,True,27,24,True,2,1,0,0,0,0,0,0,4,0,2,0,True,0,1
401677095,2024,1,postseason,Nebraska,158,Big Ten,home,Boston College,ACC,fbs,False,True,20,15,True,3,0,0,0,1,0,0,0,7,4,5,0,True,1,0
401677177,2024,1,postseason,Ohio State,194,Big Ten,home,Tennessee,SEC,fbs,False,False,42,17,True,4,0,0,0,0,0,0,0,6,9,0,0,True,0,0
401677191,2024,1,postseason,Ohio State,194,Big Ten,away,Texas,SEC,fbs,False,True,28,14,True,4,1,7,0,1,1,0,0,9,6,5,0,True,1,1
401677183,2024,1,postseason,Ohio State,194,Big Ten,away,Oregon,Big Ten,fbs,False,True,41,21,True,8,0,0,0,0,0,0,0,13,9,0,0,True,0,0
401677192,2024,1,postseason,Ohio State,194,Big Ten,away,Notre Dame,FBS Independents,fbs,False,True,34,23,True,2,0,0,0,0,0,0,0,7,1,0,0,True,0,0
401677090,2024,1,postseason,Oklahoma,201,SEC,away,Navy,American Athletic,fbs,False,True,20,21,True,0,0,0,0,0,0,0,0,4,0,0,0,True,0,0
401677105,2024,1,postseason,Ole Miss,145,SEC,home,Duke,ACC,fbs,False,True,52,20,True,0,1,50,1,0,1,0,0,4,1,19,0,True,0,1
401677183,2024,1,postseason,Oregon,2483,Big Ten,home,Ohio State,Big Ten,fbs,False,True,21,41,True,0,0,0,0,0,0,0,0,3,1,0,0,True,0,0
401677178,2024,1,postseason,Penn State,213,Big Ten,home,SMU,ACC,fbs,False,False,38,10,True,3,3,96,2,0,2,0,0,11,3,7,0,True,0,3
401677181,2024,1,postseason,Penn State,213,Big Ten,away,Boise State,Mountain West,fbs,False,True,31,14,True,3,3,30,0,1,0,0,0,9,3,0,0,True,1,3
401677189,2024,1,postseason,Penn State,213,Big Ten,home,Notre Dame,FBS Independents,fbs,False,True,24,27,True,5,2,0,0,0,0,0,0,8,4,3,0,True,0,2
401677088,2024,1,postseason,Rutgers,164,Big Ten,away,Kansas State,Big 12,fbs,False,True,41,44,True,2,1,15,0,0,0,0,0,4,3,5,0,True,0,1
401677103,2024,1,postseason,South Carolina,2579,SEC,away,Illinois,Big Ten,fbs,False,True,17,21,True,1,1,14,0,1,0,0,0,3,0,4,0,True,1,1
401677177,2024,1,postseason,Tennessee,2633,SEC,away,Ohio State,Big Ten,fbs,False,False,17,42,True,0,1,0,0,0,0,0,0,7,1,2,0,True,0,1
401677176,2024,1,postseason,Texas,251,SEC,home,Clemson,ACC,fbs,False,False,38,24,True,3,1,-2,0,0,0,0,0,7,8,4,0,True,0,1
401677182,2024,1,postseason,Texas,251,SEC,away,Arizona State,Big 12,fbs,False,True,39,31,True,3,1,0,0,0,1,0,1,6,5,0,0,True,0,1
401677191,2024,1,postseason,Texas,251,SEC,home,Ohio State,Big Ten,fbs,False,True,14,28,True,2,1,-3,0,0,0,0,0,4,2,2,0,True,0,1
401677093,2024,1,postseason,Texas A&M,245,SEC,away,USC,Big Ten,fbs,False,True,31,35,True,1,3,15,0,0,0,0,0,6,6,0,0,True,0,3
401677093,2024,1,postseason,USC,30,Big Ten,home,Texas A&M,SEC,fbs,False,True,35,31,True,1,2,26,0,0,0,0,0,2,1,0,0,True,0,2
401677091,2024,1,postseason,Vanderbilt,238,SEC,home,Georgia Tech,ACC,fbs,False,True,35,27,True,3,1,22,0,1,0,0,0,7,1,3,0,True,1,1
401677190,2024,1,postseason,Washington,264,Big Ten,home,Louisville,ACC,fbs,False,True,34,35,True,0,0,0,0,0,0,0,0,5,1,4,0,True,0,0
401752665,2025,1,regular,Alabama,333,SEC,away,Florida State,ACC,fbs,False,False,17,31,True,1,0,0,0,1,0,0,0,3,0,2,0,True,1,0
401752666,2025,1,regular,Arkansas,8,SEC,home,Alabama A&M,SWAC,fcs,False,False,52,7,True,2,0,0,0,2,0,0,0,6,5,10,0,True,2,0
401752667,2025,1,regular,Auburn,2,SEC,away,Baylor,Big 12,fbs,False,False,38,24,True,4,0,0,0,0,1,1,0,5,3,3,0,True,0,0
401752668,2025,1,regular,Florida,57,SEC,home,Long Island University,NEC,fcs,False,False,55,0,True,0,0,0,0,2,1,0,0,7,2,2,0,True,2,0
401752669,2025,1,regular,Georgia,61,SEC,home,Marshall,Sun Belt,fbs,False,False,45,7,True,0,0,0,0,0,0,0,0,5.5,1,0,0,True,0,0
401752795,2025,1,regular,Illinois,356,Big Ten,home,Western Illinois,OVC-Big South,fcs,False,False,52,3,True,4,0,0,0,1,1,0,1,8,2,4,0,True,1,0
401752806,2025,1,regular,Indiana,84,Big Ten,home,Old Dominion,Sun Belt,fbs,False,False,27,14,True,1,3,33,0,0,1,0,1,3,3,5,0,True,0,3
401752799,2025,1,regular,Iowa,2294,Big Ten,home,UAlbany,Coastal Athletic,fcs,False,False,34,7,True,2,0,0,0,0,0,0,0,5,1,1,0,True,0,0
401752670,2025,1,regular,Kentucky,96,SEC,home,Toledo,Mid-American,fbs,False,False,24,16,True,3,1,0,0,0,0,0,0,6,0,5,0,True,0,1
401752671,2025,1,regular,LSU,99,SEC,away,Clemson,ACC,fbs,False,False,17,10,True,2,1,0,0,0,0,0,0,4,6,5,0,True,0,1
401752797,2025,1,regular,Maryland,120,Big Ten,home,Florida Atlantic,American Athletic,fbs,False,False,39,7,True,3,6,31,1,0,1,0,0,8,6,5,0,True,0,6
401752808,2025,1,regular,Michigan,130,Big Ten,home,New Mexico,Mountain West,fbs,False,False,34,17,True,3,3,0,0,0,0,0,0,9,4,7,0,True,0,3
401752802,2025,1,regular,Michigan State,127,Big Ten,home,Western Michigan,Mid-American,fbs,False,False,23,6,True,4,1,0,0,0,0,0,0,12,4,8,1,True,0,1
401752793,2025,1,regular,Minnesota,135,Big Ten,home,Buffalo,Mid-American,fbs,False,False,23,10,True,2,0,0,0,1,0,0,0,7,4,1,0,True,1,0
401752673,2025,1,regular,Mississippi State,344,SEC,away,Southern Miss,Sun Belt,fbs,False,False,34,17,True,1,1,0,0,0,0,0,0,3,7,0,0,True,0,1
401752674,2025,1,regular,Missouri,142,SEC,home,Central Arkansas,UAC,fcs,False,False,61,6,True,2,1,83,1,1,1,0,0,7,4,1,0,True,1,1
401752796,2025,1,regular,Nebraska,158,Big Ten,away,Cincinnati,Big 12,fbs,False,True,20,17,True,0,1,0,0,1,0,0,0,2,5,1,0,True,1,1
401752803,2025,1,regular,Northwestern,77,Big Ten,away,Tulane,American Athletic,fbs,False,False,3,23,True,1,0,0,0,0,0,0,0,3,4,0,0,True,0,0
401752677,2025,1,regular,Ohio State,194,Big Ten,home,Texas,SEC,fbs,False,False,14,7,True,1,1,5,0,0,0,0,0,1,1,0,0,True,0,1
401752675,2025,1,regular,Oklahoma,201,SEC,home,Illinois State,MVFC,fcs,False,False,35,3,True,2,0,0,0,0,0,0,0,5,5,3,0,True,0,0
401752672,2025,1,regular,Ole Miss,145,SEC,home,Georgia State,Sun Belt,fbs,False,False,63,7,True,1,1,1,0,0,0,0,0,5,5,6,0,True,0,1
401752804,2025,1,regular,Oregon,2483,Big Ten,home,Montana State,Big Sky,fcs,False,False,59,13,True,3,0,0,0,0,0,0,0,7,3,0,0,True,0,0
401752807,2025,1,regular,Penn State,213,Big Ten,home,Nevada,Mountain West,fbs,False,False,46,11,True,3,1,14,0,2,0,0,0,9,2,4,0,True,2,1
401752801,2025,1,regular,Purdue,2509,Big Ten,home,Ball State,Mid-American,fbs,False,False,31,0,True,4,0,0,0,0,0,0,0,7,1,1,0,True,0,0
401752794,2025,1,regular,Rutgers,164,Big Ten,home,Ohio,Mid-American,fbs,False,False,34,31,True,0,0,0,0,0,1,0,1,4,3,4,0,True,0,0
401752680,2025,1,regular,South Carolina,2579,SEC,home,Virginia Tech,ACC,fbs,False,True,24,11,True,2,2,25,0,0,1,0,1,4,3,0,0,True,0,2
401752676,2025,1,regular,Tennessee,2633,SEC,home,Syracuse,ACC,fbs,False,True,45,26,True,5,1,0,0,1,0,0,0,7,10,0,0,True,1,1
401752677,2025,1,regular,Texas,251,SEC,away,Ohio State,Big Ten,fbs,False,False,7,14,True,0,0,0,0,0,0,0,0,1,2,2,0,True,0,0
401752678,2025,1,regular,Texas A&M,245,SEC,home,UTSA,American Athletic,fbs,False,False,42,24,True,1,0,0,0,0,1,0,1,9,3,2,0,True,0,0
401752800,2025,1,regular,UCLA,26,Big Ten,home,Utah,Big 12,fbs,False,False,10,43,True,0,0,0,0,0,0,0,0,2,1,2,0,True,0,0
401752798,2025,1,regular,USC,30,Big Ten,home,Missouri State,Conference USA,fbs,False,False,73,13,True,5,2,76,1,1,1,0,0,13,3,0,0,True,1,2
401752679,2025,1,regular,Vanderbilt,238,SEC,home,Charleston Southern,OVC-Big South,fcs,False,False,45,3,True,3,1,0,0,1,0,0,0,6,3,3,0,True,1,1
401752805,2025,1,regular,Washington,264,Big Ten,home,Colorado State,Mountain West,fbs,False,False,38,21,True,2,1,0,0,0,0,0,0,6,3,0,0,True,0,1
401762791,2025,1,regular,Wisconsin,275,Big Ten,home,Miami (OH),Mid-American,fbs,False,False,17,0,True,3,2,17,0,0,0,0,0,4,2,2,0,True,0,2
401752681,2025,2,regular,Alabama,333,SEC,home,UL Monroe,Sun Belt,fbs,False,False,73,0,True,0,1,0,0,2,0,0,0,12,2,5,0,True,2,1
401752682,2025,2,regular,Arkansas,8,SEC,home,Arkansas State,Sun Belt,fbs,False,True,56,14,True,4,2,40,0,0,0,0,0,10,5,2,0,True,0,2
401752683,2025,2,regular,Auburn,2,SEC,home,Ball State,Mid-American,fbs,False,False,42,3,True,6,0,0,0,1,0,0,0,14,0,1,0,True,1,0
401752684,2025,2,regular,Florida,57,SEC,home,South Florida,American Athletic,fbs,False,False,16,18,True,1,0,0,0,0,0,0,0,3,6,9,0,True,0,0
401752685,2025,2,regular,Georgia,61,SEC,home,Austin Peay,UAC,fcs,False,False,28,6,True,2,1,0,0,0,0,0,0,6,3,0,0,True,0,1
401752825,2025,2,regular,Illinois,356,Big Ten,away,Duke,ACC,fbs,False,False,45,19,True,2,1,-1,0,4,0,0,0,2,1,5,0,True,4,1
401752812,2025,2,regular,Indiana,84,Big Ten,home,Kennesaw State,Conference USA,fbs,False,False,56,9,True,2,1,24,0,1,0,0,0,14,1,1,0,True,1,1
401752822,2025,2,regular,Iowa,2294,Big Ten,away,Iowa State,Big 12,fbs,False,False,13,16,True,0,0,0,0,1,0,0,0,3,4,1,0,True,1,0
401752686,2025,2,regular,Kentucky,96,SEC,home,Ole Miss,SEC,fbs,True,False,23,30,True,0,2,25,0,0,0,0,0,5,3,1,0,True,0,2
401752687,2025,2,regular,LSU,99,SEC,home,Louisiana Tech,Conference USA,fbs,False,False,23,7,True,2,0,0,0,0,0,0,0,5,5,3,0,True,0,0
401752826,2025,2,regular,Maryland,120,Big Ten,home,Northern Illinois,Mid-American,fbs,False,False,20,9,True,4,0,0,0,0,0,0,0,9,1,1,0,True,0,0
401752690,2025,2,regular,Michigan,130,Big Ten,away,Oklahoma,SEC,fbs,False,False,13,24,True,2,1,0,0,0,0,0,0,8,4,4,0,True,1,1
401752816,2025,2,regular,Michigan State,127,Big Ten,home,Boston College,ACC,fbs,False,False,42,40,True,0,0,0,0,1,0,0,0,4,3,1,0,True,1,0
401752813,2025,2,regular,Minnesota,135,Big Ten,home,Northwestern State,Southland,fcs,False,False,66,0,True,2,2,29,1,2,2,0,0,6,1,2,0,True,2,2
401752688,2025,2,regular,Mississippi State,344,SEC,home,Arizona State,Big 12,fbs,False,False,24,20,True,2,2,10,0,0,0,0,0,6,3,3,0,True,0,2
401752689,2025,2,regular,Missouri,142,SEC,home,Kansas,Big 12,fbs,False,False,42,31,True,3,1,0,0,0,0,0,0,7,2,6,1,True,0,1
401752810,2025,2,regular,Nebraska,158,Big Ten,home,Akron,Mid-American,fbs,False,False,68,0,True,2,0,0,0,1,0,0,0,9,4,5,1,True,1,0
401752817,2025,2,regular,Northwestern,77,Big Ten,home,Western Illinois,OVC-Big South,fcs,False,False,42,7,True,2,1,7,0,0,0,0,0,3,8,4,0,True,0,1
401752815,2025,2,regular,Ohio State,194,Big Ten,home,Grambling,SWAC,fcs,False,False,70,0,True,2,1,0,0,2,1,0,0,9,1,1,0,True,2,1
401752690,2025,2,regular,Oklahoma,201,SEC,home,Michigan,Big Ten,fbs,False,False,24,13,True,1,0,0,0,0,0,0,0,8,1,3,0,True,0,0
401752686,2025,2,regular,Ole Miss,145,SEC,away,Kentucky,SEC,fbs,True,False,30,23,True,3,0,0,0,0,0,0,0,4,6,3,0,True,0,0
401752824,2025,2,regular,Oregon,2483,Big Ten,home,Oklahoma State,Big 12,fbs,False,False,69,3,True,2,2,56,2,0,2,0,0,4,7,2,0,True,0,2
401752811,2025,2,regular,Penn State,213,Big Ten,home,Florida International,Conference USA,fbs,False,False,34,0,True,2,1,3,0,1,0,0,0,9,4,8,0,True,1,1
401752819,2025,2,regular,Purdue,2509,Big Ten,home,Southern Illinois,MVFC,fcs,False,False,34,17,True,3,0,0,0,0,0,0,0,7,3,0,0,True,0,0
401752818,2025,2,regular,Rutgers,164,Big Ten,home,Miami (OH),Mid-American,fbs,False,False,45,17,True,2,1,68,0,0,0,0,0,5,0,0,0,True,0,1
401752691,2025,2,regular,South Carolina,2579,SEC,home,South Carolina State,MEAC,fcs,False,False,38,10,True,4,0,0,0,1,3,0,2,7,1,4,0,True,1,0
401752692,2025,2,regular,Tennessee,2633,SEC,home,East Tennessee State,Southern,fcs,False,False,72,17,True,3,0,0,0,0,0,0,0,7,4,5,0,True,0,0
401752693,2025,2,regular,Texas,251,SEC,home,San José State,Mountain West,fbs,False,False,38,7,True,2,1,0,0,3,0,0,0,3,8,7,0,True,3,1
401752694,2025,2,regular,Texas A&M,245,SEC,home,Utah State,Mountain West,fbs,False,False,44,22,True,6,0,0,0,1,0,0,0,9,3,6,0,True,1,0
401752823,2025,2,regular,UCLA,26,Big Ten,away,UNLV,Mountain West,fbs,False,False,23,30,True,2,0,0,0,0,0,0,0,3,1,0,0,True,0,0
401752814,2025,2,regular,USC,30,Big Ten,home,Georgia Southern,Sun Belt,fbs,False,False,59,20,True,4,1,0,0,0,0,0,0,8,1,2,0,True,0,1
401752695,2025,2,regular,Vanderbilt,238,SEC,away,Virginia Tech,ACC,fbs,False,False,44,20,True,3,0,0,0,1,0,0,0,8,4,7,0,True,1,0
401752821,2025,2,regular,Washington,264,Big Ten,home,UC Davis,Big Sky,fcs,False,False,70,10,True,3,1,0,0,0,1,0,1,4,2,3,0,True,0,1
401752820,2025,2,regular,Wisconsin,275,Big Ten,home,Middle Tennessee,Conference USA,fbs,False,False,42,10,True,5,1,0,0,0,0,0,0,8,2,0,0,True,0,1
401752696,2025,3,regular,Alabama,333,SEC,home,Wisconsin,Big Ten,fbs,False,False,38,14,True,4,2,8,0,0,0,0,0,4,3,0,0,True,0,2
401752700,2025,3,regular,Arkansas,8,SEC,away,Ole Miss,SEC,fbs,True,False,35,41,True,1,0,0,0,0,0,0,0,4,3,0,0,True,0,0
401752697,2025,3,regular,Auburn,2,SEC,home,South Alabama,Sun Belt,fbs,False,False,31,15,True,1,1,1,0,1,0,0,0,7,2,0,0,True,1,1
401752699,2025,3,regular,Florida,57,SEC,away,LSU,SEC,fbs,True,False,10,20,True,0,1,7,0,0,0,0,0,3,4,1,0,True,0,1
401752705,2025,3,regular,Georgia,61,SEC,away,Tennessee,SEC,fbs,True,False,44,41,True,1,2,0,0,0,0,0,0,2,4,1,0,True,0,2
401752829,2025,3,regular,Illinois,356,Big Ten,home,Western Michigan,Mid-American,fbs,False,False,38,0,True,3,0,0,0,0,0,0,0,9,4,1,0,True,0,0
401752836,2025,3,regular,Indiana,84,Big Ten,home,Indiana State,MVFC,fcs,False,False,73,0,True,5,0,0,0,0,0,0,0,16,2,2,0,True,0,0
401752830,2025,3,regular,Iowa,2294,Big Ten,home,Massachusetts,Mid-American,fbs,False,False,47,7,True,5,0,0,0,0,1,0,1,11,3,2,0,True,0,0
401752698,2025,3,regular,Kentucky,96,SEC,home,Eastern Michigan,Mid-American,fbs,False,False,48,23,True,2,1,25,0,0,0,0,0,3,3,4,0,True,0,1
401752699,2025,3,regular,LSU,99,SEC,home,Florida,SEC,fbs,True,False,20,10,True,3,5,82,1,0,1,0,0,5,4,4,0,True,0,5
401752838,2025,3,regular,Maryland,120,Big Ten,home,Towson,Coastal Athletic,fcs,False,False,44,17,True,3,1,100,1,1,1,0,0,4,3,4,0,True,1,1
401752839,2025,3,regular,Michigan,130,Big Ten,home,Central Michigan,Mid-American,fbs,False,False,63,3,True,3,1,0,0,1,0,0,0,6,4,2,0,True,1,1
401752834,2025,3,regular,Michigan State,127,Big Ten,home,Youngstown State,MVFC,fcs,False,False,41,24,True,2,1,0,0,0,0,0,0,6,1,4,0,True,0,1
401752840,2025,3,regular,Minnesota,135,Big Ten,away,California,ACC,fbs,False,False,14,27,True,3,0,0,0,0,0,0,0,6,1,2,0,True,0,0
401752701,2025,3,regular,Mississippi State,344,SEC,home,Alcorn State,SWAC,fcs,False,False,63,0,True,1,1,-11,0,2,0,0,0,5,3,1,0,True,2,1
401752702,2025,3,regular,Missouri,142,SEC,home,Louisiana,Sun Belt,fbs,False,False,52,10,True,2,0,0,0,0,0,0,0,8,4,3,0,True,0,0
401752828,2025,3,regular,Nebraska,158,Big Ten,home,Houston Christian,Southland,fcs,False,False,59,7,True,3,0,0,0,2,1,0,0,8,1,2,0,True,2,0
401752831,2025,3,regular,Northwestern,77,Big Ten,home,Oregon,Big Ten,fbs,True,False,14,34,True,0,1,-1,0,0,0,0,0,4,3,2,0,True,0,1
401752827,2025,3,regular,Ohio State,194,Big Ten,home,Ohio,Mid-American,fbs,False,False,37,9,True,4,0,0,0,0,0,0,0,7,4,4,0,True,0,0
401752703,2025,3,regular,Oklahoma,201,SEC,away,Temple,American Athletic,fbs,False,False,42,3,True,4,0,0,0,0,0,0,0,11,4,3,0,True,0,0
401752700,2025,3,regular,Ole Miss,145,SEC,home,Arkansas,SEC,fbs,True,False,41,35,True,0,0,0,0,1,0,0,0,2,6,5,0,True,1,0
401752831,2025,3,regular,Oregon,2483,Big Ten,away,Northwestern,Big Ten,fbs,True,False,34,14,True,2,2,67,0,0,0,0,0,4,4,1,0,True,0,2
401752835,2025,3,regular,Penn State,213,Big Ten,home,Villanova,Coastal Athletic,fcs,False,False,52,6,True,3,2,61,1,0,1,0,0,11,2,3,0,True,0,2
401752832,2025,3,regular,Purdue,2509,Big Ten,home,USC,Big Ten,fbs,True,False,17,33,True,2,0,0,0,0,0,0,0,7,3,5,0,True,0,0
401752833,2025,3,regular,Rutgers,164,Big Ten,home,Norfolk State,MEAC,fcs,False,False,60,10,True,2,1,21,0,2,2,0,2,6,4,2,0,True,1,1
401752704,2025,3,regular,South Carolina,2579,SEC,home,Vanderbilt,SEC,fbs,True,False,7,31,True,1,1,20,0,0,0,0,0,5,2,4,0,True,0,1
401752705,2025,3,regular,Tennessee,2633,SEC,home,Georgia,SEC,fbs,True,False,41,44,True,3,1,38,0,1,0,0,0,6,1,2,0,True,1,1
401752706,2025,3,regular,Texas,251,SEC,home,UTEP,Conference USA,fbs,False,False,27,10,True,2,2,16,0,0,0,0,0,6,1,2,0,True,0,2
401752707,2025,3,regular,Texas A&M,245,SEC,away,Notre Dame,FBS Independents,fbs,False,False,41,40,True,2,1,3,0,0,0,0,0,8,4,2,0,True,0,1
401752837,2025,3,regular,UCLA,26,Big Ten,home,New Mexico,Mountain West,fbs,False,False,10,35,True,0,0,0,0,2,0,0,0,0,2,1,0,True,2,0
401752832,2025,3,regular,USC,30,Big Ten,away,Purdue,Big Ten,fbs,True,False,33,17,True,5,3,103,1,0,1,0,0,10,1,4,0,True,0,3
401752704,2025,3,regular,Vanderbilt,238,SEC,away,South Carolina,SEC,fbs,True,False,31,7,True,2,2,18,0,2,0,0,0,8,3,1,0,True,2,2
401752696,2025,3,regular,Wisconsin,275,Big Ten,away,Alabama,SEC,fbs,False,False,14,38,True,1,0,0,0,0,1,1,0,1,1,0,0,True,0,0
401752708,2025,4,regular,Arkansas,8,SEC,away,Memphis,American Athletic,fbs,False,False,31,32,True,3,2,19,0,0,0,0,0,8,2,4,0,True,0,2
401752714,2025,4,regular,Auburn,2,SEC,away,Oklahoma,SEC,fbs,True,False,17,24,True,1,0,0,0,1,0,0,0,6,4,5,0,True,1,0
401752709,2025,4,regular,Florida,57,SEC,away,Miami,ACC,fbs,False,False,7,26,True,1,1,0,0,0,0,0,0,4,3,1,0,True,0,1
401752843,2025,4,regular,Illinois,356,Big Ten,away,Indiana,Big Ten,fbs,True,False,10,63,True,2,0,0,0,0,0,0,0,3,0,1,0,True,0,0
401752843,2025,4,regular,Indiana,84,Big Ten,home,Illinois,Big Ten,fbs,True,False,63,10,True,7,1,0,0,0,2,0,1,10,4,0,0,True,0,1
401752844,2025,4,regular,Iowa,2294,Big Ten,away,Rutgers,Big Ten,fbs,True,False,38,28,True,3,1,0,0,0,1,1,0,3,8,1,0,True,0,1
401752710,2025,4,regular,LSU,99,SEC,home,SE Louisiana,Southland,fcs,False,False,56,10,True,4,0,0,0,0,0,0,0,7,5,2,0,True,0,0
401752845,2025,4,regular,Maryland,120,Big Ten,away,Wisconsin,Big Ten,fbs,True,False,27,10,True,6,1,46,0,0,0,0,0,10,1,6,0,True,0,1
401752846,2025,4,regular,Michigan,130,Big Ten,away,Nebraska,Big Ten,fbs,True,False,30,27,True,7,1,0,0,0,0,0,0,9,3,2,0,True,0,1
401752847,2025,4,regular,Michigan State,127,Big Ten,away,USC,Big Ten,fbs,True,False,31,45,True,0,0,0,0,1,0,0,0,1,4,1,0,True,1,0
401752712,2025,4,regular,Mississippi State,344,SEC,home,Northern Illinois,Mid-American,fbs,False,False,38,10,True,1,1,0,0,0,0,0,0,6,0,3,0,True,0,1
401752713,2025,4,regular,Missouri,142,SEC,home,South Carolina,SEC,fbs,True,False,29,20,True,5,0,0,0,0,0,0,0,8,3,6,0,True,0,0
401752846,2025,4,regular,Nebraska,158,Big Ten,home,Michigan,Big Ten,fbs,True,False,27,30,True,1,0,0,0,1,0,0,0,5,3,1,0,True,1,0
401752714,2025,4,regular,Oklahoma,201,SEC,home,Auburn,SEC,fbs,True,False,24,17,True,9,0,0,0,0,0,0,0,14,4,3,1,True,0,0
401752711,2025,4,regular,Ole Miss,145,SEC,home,Tulane,American Athletic,fbs,False,False,45,10,True,0,1,0,0,0,0,0,0,5,4,17,0,True,0,1
401752841,2025,4,regular,Oregon,2483,Big Ten,home,Oregon State,Pac-12,fbs,False,False,41,7,True,0,0,0,0,1,0,0,0,2,3,4,0,True,1,0
401752848,2025,4,regular,Purdue,2509,Big Ten,away,Notre Dame,FBS Independents,fbs,False,False,30,56,True,1,0,0,0,1,0,0,0,2,1,2,0,True,1,0
401752844,2025,4,regular,Rutgers,164,Big Ten,home,Iowa,Big Ten,fbs,True,False,28,38,True,2,0,0,0,0,0,0,0,3,1,3,0,True,0,0
401752713,2025,4,regular,South Carolina,2579,SEC,away,Missouri,SEC,fbs,True,False,20,29,True,1,1,0,0,0,0,0,0,3,3,3,0,True,0,1
401752715,2025,4,regular,Tennessee,2633,SEC,home,UAB,American Athletic,fbs,False,False,56,24,True,3,1,1,0,1,1,0,0,9,3,2,0,True,1,1
401752723,2025,4,regular,Texas,251,SEC,home,Sam Houston,Conference USA,fbs,False,False,55,0,True,5,1,0,0,0,0,0,0,10,3,1,0,True,0,1
401752847,2025,4,regular,USC,30,Big Ten,home,Michigan State,Big Ten,fbs,True,False,45,31,True,2,0,0,0,0,0,0,0,7,1,6,0,True,0,0
401752716,2025,4,regular,Vanderbilt,238,SEC,home,Georgia State,Sun Belt,fbs,False,False,70,21,True,3,0,0,0,1,1,0,1,8,3,9,0,True,1,0
401752842,2025,4,regular,Washington,264,Big Ten,away,Washington State,Pac-12,fbs,False,False,59,24,True,3,2,74,1,1,1,0,0,7,3,5,0,True,1,2
401752845,2025,4,regular,Wisconsin,275,Big Ten,home,Maryland,Big Ten,fbs,True,False,10,27,True,1,0,0,0,0,0,0,0,4,4,1,0,True,0,0
401752718,2025,5,regular,Alabama,333,SEC,away,Georgia,SEC,fbs,True,False,24,21,True,1,0,0,0,1,0,0,0,6,3,0,0,True,1,0
401752717,2025,5,regular,Arkansas,8,SEC,home,Notre Dame,FBS Independents,fbs,False,False,13,56,True,1,0,0,0,0,0,0,0,4,4,2,0,True,0,0
401752724,2025,5,regular,Auburn,2,SEC,away,Texas A&M,SEC,fbs,True,False,10,16,True,4,1,73,0,0,0,0,0,6,0,1,0,True,0,1
401752718,2025,5,regular,Georgia,61,SEC,home,Alabama,SEC,fbs,True,False,21,24,True,1,0,0,0,0,0,0,0,4,4,0,0,True,0,0
401752850,2025,5,regular,Illinois,356,Big Ten,home,USC,Big Ten,fbs,True,False,34,32,True,1,1,0,0,1,0,0,0,4,2,4,0,True,1,1
401752853,2025,5,regular,Indiana,84,Big Ten,away,Iowa,Big Ten,fbs,True,False,20,15,True,1,2,1,0,0,0,0,0,6,2,4,0,True,0,2
401752853,2025,5,regular,Iowa,2294,Big Ten,home,Indiana,Big Ten,fbs,True,False,15,20,True,2,1,38,0,0,0,0,0,6,2,6,1,True,0,1
401752722,2025,5,regular,Kentucky,96,SEC,away,South Carolina,SEC,fbs,True,False,13,35,True,2,0,0,0,0,0,0,0,3,0,1,0,True,0,0
401752719,2025,5,regular,LSU,99,SEC,away,Ole Miss,SEC,fbs,True,False,19,24,True,0,1,31,0,1,0,0,0,5,4,6,0,True,1,1
401752849,2025,5,regular,Minnesota,135,Big Ten,home,Rutgers,Big Ten,fbs,True,False,31,28,True,7,1,28,0,0,0,0,0,11,5,2,0,True,0,1
401752720,2025,5,regular,Mississippi State,344,SEC,home,Tennessee,SEC,fbs,True,False,34,41,True,2,2,47,0,1,0,0,0,4,5,6,0,True,1,2
401752721,2025,5,regular,Missouri,142,SEC,home,Massachusetts,Mid-American,fbs,False,False,42,6,True,1,1,7,0,0,0,0,0,4,9,13,0,True,0,1
401752851,2025,5,regular,Northwestern,77,Big Ten,home,UCLA,Big Ten,fbs,True,False,17,14,True,3,0,0,0,0,0,0,0,4,2,1,0,True,0,0
401752852,2025,5,regular,Ohio State,194,Big Ten,away,Washington,Big Ten,fbs,True,False,24,6,True,6,0,0,0,0,0,0,0,9,0,3,0,True,0,0
401752719,2025,5,regular,Ole Miss,145,SEC,home,LSU,SEC,fbs,True,False,24,19,True,1,1,0,0,0,0,0,0,3,3,7,0,True,0,1
401752854,2025,5,regular,Oregon,2483,Big Ten,away,Penn State,Big Ten,fbs,True,False,30,24,True,2,1,0,0,0,0,0,0,5,3,2,0,True,0,1
401752854,2025,5,regular,Penn State,213,Big Ten,home,Oregon,Big Ten,fbs,True,False,24,30,True,0,0,0,0,0,0,0,0,1,3,2,0,True,0,0
401752849,2025,5,regular,Rutgers,164,Big Ten,away,Minnesota,Big Ten,fbs,True,False,28,31,True,2,0,0,0,0,0,0,0,5,1,4,0,True,0,0
401752722,2025,5,regular,South Carolina,2579,SEC,home,Kentucky,SEC,fbs,True,False,35,13,True,6,2,45,1,2,2,0,0,10,1,4,0,True,2,2
401752720,2025,5,regular,Tennessee,2633,SEC,away,Mississippi State,SEC,fbs,True,False,41,34,True,5,1,23,1,1,2,0,0,11,4,1,0,True,1,1
401752724,2025,5,regular,Texas A&M,245,SEC,home,Auburn,SEC,fbs,True,False,16,10,True,5,0,0,0,0,0,0,0,6,3,4,0,True,0,0
401752851,2025,5,regular,UCLA,26,Big Ten,away,Northwestern,Big Ten,fbs,True,False,14,17,True,2,0,0,0,0,0,0,0,7,3,1,0,True,0,0
401752850,2025,5,regular,USC,30,Big Ten,away,Illinois,Big Ten,fbs,True,False,32,34,True,1,0,0,0,2,0,0,0,2,2,0,0,True,2,0
401752725,2025,5,regular,Vanderbilt,238,SEC,home,Utah State,Mountain West,fbs,False,False,55,35,True,3,0,0,0,1,0,0,0,8,2,9,0,True,1,0
401752852,2025,5,regular,Washington,264,Big Ten,home,Ohio State,Big Ten,fbs,True,False,6,24,True,1,0,0,0,1,0,0,0,1,0,1,0,True,1,0
401752726,2025,6,regular,Alabama,333,SEC,home,Vanderbilt,SEC,fbs,True,False,30,14,True,1,1,12,0,1,0,0,0,2,5,4,0,True,1,1
401752727,2025,6,regular,Florida,57,SEC,home,Texas,SEC,fbs,True,False,29,21,True,6,2,18,0,0,0,0,0,7,3,10,0,True,0,2
401752728,2025,6,regular,Georgia,61,SEC,home,Kentucky,SEC,fbs,True,False,35,14,True,2,1,0,0,1,0,0,0,5,4,0,0,True,1,1
401752861,2025,6,regular,Illinois,356,Big Ten,away,Purdue,Big Ten,fbs,True,False,43,27,True,2,0,0,0,2,0,0,0,3,2,4,0,True,2,0
401752728,2025,6,regular,Kentucky,96,SEC,away,Georgia,SEC,fbs,True,False,14,35,True,0,2,41,0,0,0,0,0,6,2,0,0,True,0,2
401752857,2025,6,regular,Maryland,120,Big Ten,home,Washington,Big Ten,fbs,True,False,20,24,True,3,1,32,0,0,0,0,0,4,2,4,0,True,0,1
401752856,2025,6,regular,Michigan,130,Big Ten,home,Wisconsin,Big Ten,fbs,True,False,24,10,True,1,1,0,0,0,0,0,0,3,5,4,0,True,0,1
401752860,2025,6,regular,Michigan State,127,Big Ten,away,Nebraska,Big Ten,fbs,True,False,27,38,True,5,1,0,0,0,0,0,0,7,3,3,0,True,0,1
401752859,2025,6,regular,Minnesota,135,Big Ten,away,Ohio State,Big Ten,fbs,True,False,3,42,True,0,0,0,0,0,0,0,0,5,2,0,0,True,0,0
401752730,2025,6,regular,Mississippi State,344,SEC,away,Texas A&M,SEC,fbs,True,False,9,31,True,1,1,8,0,0,0,0,0,2,1,0,0,True,0,1
401752860,2025,6,regular,Nebraska,158,Big Ten,home,Michigan State,Big Ten,fbs,True,False,38,27,True,4,2,7,0,1,1,0,1,12,0,3,0,True,1,2
401752858,2025,6,regular,Northwestern,77,Big Ten,home,UL Monroe,Sun Belt,fbs,False,False,42,7,True,3,0,0,0,0,0,0,0,7,3,3,0,True,0,0
401752859,2025,6,regular,Ohio State,194,Big Ten,home,Minnesota,Big Ten,fbs,True,False,42,3,True,1,0,0,0,0,0,0,0,7,4,3,0,True,0,0
401752729,2025,6,regular,Oklahoma,201,SEC,home,Kent State,Mid-American,fbs,False,False,44,0,True,5,1,0,0,1,1,0,0,13,0,2,0,True,1,1
401752855,2025,6,regular,Penn State,213,Big Ten,away,UCLA,Big Ten,fbs,True,False,37,42,True,3,0,0,0,0,1,0,1,9,3,1,1,True,0,0
401752861,2025,6,regular,Purdue,2509,Big Ten,home,Illinois,Big Ten,fbs,True,False,27,43,True,2,0,0,0,0,0,0,0,8,1,1,0,True,0,0
401752727,2025,6,regular,Texas,251,SEC,away,Florida,SEC,fbs,True,False,21,29,True,0,1,0,0,1,0,0,0,3,2,5,0,True,1,1
401752730,2025,6,regular,Texas A&M,245,SEC,home,Mississippi State,SEC,fbs,True,False,31,9,True,4,1,10,0,1,0,0,0,9,2,1,0,True,1,1
401752855,2025,6,regular,UCLA,26,Big Ten,home,Penn State,Big Ten,fbs,True,False,42,37,True,1,0,0,0,1,0,0,0,6,1,0,0,True,1,0
401752726,2025,6,regular,Vanderbilt,238,SEC,away,Alabama,SEC,fbs,True,False,14,30,True,4,1,0,0,0,0,0,0,6,2,1,0,True,0,1
401752857,2025,6,regular,Washington,264,Big Ten,away,Maryland,Big Ten,fbs,True,False,24,20,True,0,1,0,0,0,0,0,0,4,4,0,0,True,0,1
401752856,2025,6,regular,Wisconsin,275,Big Ten,away,Michigan,Big Ten,fbs,True,False,10,24,True,1,0,0,0,0,0,0,0,3,1,0,0,True,0,0
401752734,2025,7,regular,Alabama,333,SEC,away,Missouri,SEC,fbs,True,False,27,24,True,2,2,0,0,0,0,0,0,2,2,7,0,True,0,2
401752735,2025,7,regular,Arkansas,8,SEC,away,Tennessee,SEC,fbs,True,False,31,34,True,0,0,0,0,0,0,0,0,2,3,1,0,True,0,0
401752731,2025,7,regular,Auburn,2,SEC,home,Georgia,SEC,fbs,True,False,10,20,True,2,0,0,0,0,0,0,0,6,4,4,0,True,0,0
401752737,2025,7,regular,Florida,57,SEC,away,Texas A&M,SEC,fbs,True,False,17,34,True,0,1,0,0,0,0,0,0,0,2,1,0,True,0,1
401752731,2025,7,regular,Georgia,61,SEC,away,Auburn,SEC,fbs,True,False,20,10,True,1,0,0,0,1,0,0,0,4,5,3,0,True,1,0
401752865,2025,7,regular,Illinois,356,Big Ten,home,Ohio State,Big Ten,fbs,True,False,16,34,True,0,0,0,0,0,0,0,0,4,3,0,0,True,0,0
401752870,2025,7,regular,Indiana,84,Big Ten,away,Oregon,Big Ten,fbs,True,False,30,20,True,6,2,0,0,0,0,0,0,8,2,4,0,True,0,2
401752869,2025,7,regular,Iowa,2294,Big Ten,away,Wisconsin,Big Ten,fbs,True,False,37,0,True,0,2,35,0,1,0,0,0,2,4,1,0,True,1,2
401752732,2025,7,regular,LSU,99,SEC,home,South Carolina,SEC,fbs,True,False,20,10,True,5,1,0,0,1,0,0,0,6,4,5,0,True,1,1
401752867,2025,7,regular,Maryland,120,Big Ten,home,Nebraska,Big Ten,fbs,True,False,31,34,True,1,3,73,1,0,1,0,0,3,2,0,0,True,0,3
401752868,2025,7,regular,Michigan,130,Big Ten,away,USC,Big Ten,fbs,True,False,13,31,True,0,1,0,0,1,0,0,0,5,1,2,0,True,1,1
401752863,2025,7,regular,Michigan State,127,Big Ten,home,UCLA,Big Ten,fbs,True,False,13,38,True,2,0,0,0,0,0,0,0,3,2,0,0,True,0,0
401752864,2025,7,regular,Minnesota,135,Big Ten,home,Purdue,Big Ten,fbs,True,False,27,20,True,0,3,35,1,1,1,0,0,2,2,8,0,True,1,3
401752734,2025,7,regular,Missouri,142,SEC,home,Alabama,SEC,fbs,True,False,24,27,True,4,0,0,0,1,0,0,0,7,1,15,0,True,1,0
401752867,2025,7,regular,Nebraska,158,Big Ten,away,Maryland,Big Ten,fbs,True,False,34,31,True,1,0,0,0,0,0,0,0,4,1,0,0,True,0,0
401752866,2025,7,regular,Northwestern,77,Big Ten,away,Penn State,Big Ten,fbs,True,False,22,21,True,0,1,33,0,1,0,0,0,2,1,2,0,True,1,1
401752865,2025,7,regular,Ohio State,194,Big Ten,away,Illinois,Big Ten,fbs,True,False,34,16,True,4,1,15,0,2,0,0,0,6,5,2,0,True,2,1
401752736,2025,7,regular,Oklahoma,201,SEC,away,Texas,SEC,fbs,True,True,6,23,True,1,0,0,0,0,0,0,0,12,3,2,0,True,0,0
401752733,2025,7,regular,Ole Miss,145,SEC,home,Washington State,Pac-12,fbs,False,False,24,21,True,4,0,0,0,0,0,0,0,6,2,5,0,True,0,0
401752870,2025,7,regular,Oregon,2483,Big Ten,home,Indiana,Big Ten,fbs,True,False,20,30,True,1,1,35,1,0,1,0,0,4,6,3,0,True,0,1
401752866,2025,7,regular,Penn State,213,Big Ten,home,Northwestern,Big Ten,fbs,True,False,21,22,True,2,0,0,0,1,0,0,0,2,2,2,0,True,1,0
401752864,2025,7,regular,Purdue,2509,Big Ten,away,Minnesota,Big Ten,fbs,True,False,20,27,True,2,1,18,0,0,0,0,0,6,12,4,0,True,0,1
401752862,2025,7,regular,Rutgers,164,Big Ten,away,Washington,Big Ten,fbs,True,False,19,38,True,1,0,0,0,1,0,0,0,4,2,1,0,True,1,0
401752732,2025,7,regular,South Carolina,2579,SEC,away,LSU,SEC,fbs,True,False,10,20,True,0,2,0,0,1,0,0,0,4,1,4,0,True,1,2
401752735,2025,7,regular,Tennessee,2633,SEC,home,Arkansas,SEC,fbs,True,False,34,31,True,5,0,0,0,3,0,0,0,9,2,6,0,True,3,0
401752736,2025,7,regular,Texas,251,SEC,home,Oklahoma,SEC,fbs,True,True,23,6,True,5,3,11,0,0,1,0,1,7,6,4,0,True,0,3
401752737,2025,7,regular,Texas A&M,245,SEC,home,Florida,SEC,fbs,True,False,34,17,True,3,0,0,0,2,0,0,0,6,5,4,0,True,2,0
401752863,2025,7,regular,UCLA,26,Big Ten,away,Michigan State,Big Ten,fbs,True,False,38,13,True,1,0,0,0,1,0,0,0,4,4,2,0,True,1,0
401752868,2025,7,regular,USC,30,Big Ten,home,Michigan,Big Ten,fbs,True,False,31,13,True,3,2,14,0,0,0,0,0,5,2,2,0,True,0,2
401752862,2025,7,regular,Washington,264,Big Ten,home,Rutgers,Big Ten,fbs,True,False,38,19,True,3,1,0,0,0,0,0,0,3,6,3,0,True,0,1
401752869,2025,7,regular,Wisconsin,275,Big Ten,home,Iowa,Big Ten,fbs,True,False,0,37,True,0,1,0,0,0,0,0,0,5,1,0,0,True,0,1
401752738,2025,8,regular,Alabama,333,SEC,home,Tennessee,SEC,fbs,True,False,37,20,True,4,1,99,1,0,1,0,0,8,2,2,1,True,0,1
401752739,2025,8,regular,Arkansas,8,SEC,home,Texas A&M,SEC,fbs,True,False,42,45,True,0,0,0,0,0,0,0,0,2,3,0,0,True,0,0
401752740,2025,8,regular,Auburn,2,SEC,home,Missouri,SEC,fbs,True,False,17,23,True,3,2,0,0,0,0,0,0,9,3,5,0,True,0,2
401752741,2025,8,regular,Florida,57,SEC,home,Mississippi State,SEC,fbs,True,False,23,21,True,4,1,5,0,1,0,0,0,11,5,3,0,True,1,1
401752742,2025,8,regular,Georgia,61,SEC,home,Ole Miss,SEC,fbs,True,False,43,35,True,0,0,0,0,0,0,0,0,0,5,0,0,True,0,0
401752878,2025,8,regular,Indiana,84,Big Ten,home,Michigan State,Big Ten,fbs,True,False,38,13,True,4,0,0,0,0,0,0,0,9,3,2,0,True,0,0
401752875,2025,8,regular,Iowa,2294,Big Ten,home,Penn State,Big Ten,fbs,True,False,25,24,True,1,2,28,0,0,0,0,0,6,2,3,0,True,0,2
401752743,2025,8,regular,Kentucky,96,SEC,home,Texas,SEC,fbs,True,False,13,16,True,3,0,0,0,0,0,0,0,7,2,8,0,True,0,0
401752745,2025,8,regular,LSU,99,SEC,away,Vanderbilt,SEC,fbs,True,False,24,31,True,1,0,0,0,0,0,0,0,4,2,1,0,True,0,0
401752879,2025,8,regular,Maryland,120,Big Ten,away,UCLA,Big Ten,fbs,True,False,17,20,True,2,2,8,1,1,1,0,0,4,3,3,0,True,1,2
401752873,2025,8,regular,Michigan,130,Big Ten,home,Washington,Big Ten,fbs,True,False,24,7,True,2,3,10,0,0,0,0,0,7,2,4,0,True,0,3
401752878,2025,8,regular,Michigan State,127,Big Ten,away,Indiana,Big Ten,fbs,True,False,13,38,True,0,0,0,0,0,0,0,0,3,2,0,0,True,0,0
401752872,2025,8,regular,Minnesota,135,Big Ten,home,Nebraska,Big Ten,fbs,True,False,24,6,True,9,0,0,0,0,0,0,0,10,1,5,0,True,0,0
401752741,2025,8,regular,Mississippi State,344,SEC,away,Florida,SEC,fbs,True,False,21,23,True,2,2,29,0,0,0,0,0,3,5,0,0,True,0,2
401752740,2025,8,regular,Missouri,142,SEC,away,Auburn,SEC,fbs,True,False,23,17,True,5,1,2,0,0,0,0,0,9,2,3,0,True,0,1
401752872,2025,8,regular,Nebraska,158,Big Ten,away,Minnesota,Big Ten,fbs,True,False,6,24,True,1,0,0,0,0,0,0,0,3,2,1,0,True,0,0
401752874,2025,8,regular,Northwestern,77,Big Ten,home,Purdue,Big Ten,fbs,True,False,19,0,True,2,1,0,0,2,0,0,0,5,3,11,0,True,2,1
401752877,2025,8,regular,Ohio State,194,Big Ten,away,Wisconsin,Big Ten,fbs,True,False,34,0,True,3,1,5,0,0,0,0,0,7,1,1,0,True,0,1
401752744,2025,8,regular,Oklahoma,201,SEC,away,South Carolina,SEC,fbs,True,False,26,7,True,6,2,3,0,0,0,0,0,13,1,7,1,True,0,2
401752742,2025,8,regular,Ole Miss,145,SEC,away,Georgia,SEC,fbs,True,False,35,43,True,1,0,0,0,0,0,0,0,3,1,0,0,True,0,0
401752876,2025,8,regular,Oregon,2483,Big Ten,away,Rutgers,Big Ten,fbs,True,False,56,10,True,3,2,-3,0,1,0,0,0,8,8,2,0,True,1,2
401752875,2025,8,regular,Penn State,213,Big Ten,away,Iowa,Big Ten,fbs,True,False,24,25,True,0,1,2,0,0,0,0,0,2,1,1,0,True,0,1
401752874,2025,8,regular,Purdue,2509,Big Ten,away,Northwestern,Big Ten,fbs,True,False,0,19,True,0,1,0,0,1,0,0,0,6,8,4,0,True,1,1
401752876,2025,8,regular,Rutgers,164,Big Ten,home,Oregon,Big Ten,fbs,True,False,10,56,True,0,1,0,0,2,0,0,0,2,0,0,0,True,2,1
401752744,2025,8,regular,South Carolina,2579,SEC,home,Oklahoma,SEC,fbs,True,False,7,26,True,1,0,0,0,0,0,0,0,3,2,4,0,True,0,0
401752738,2025,8,regular,Tennessee,2633,SEC,away,Alabama,SEC,fbs,True,False,20,37,True,0,0,0,0,1,0,0,0,4,5,3,0,True,1,0
401752743,2025,8,regular,Texas,251,SEC,away,Kentucky,SEC,fbs,True,False,16,13,True,5,1,3,0,0,0,0,0,11,4,2,0,True,0,1
401752739,2025,8,regular,Texas A&M,245,SEC,away,Arkansas,SEC,fbs,True,False,45,42,True,4,0,0,0,0,0,0,0,8,2,6,0,True,0,0
401752879,2025,8,regular,UCLA,26,Big Ten,home,Maryland,Big Ten,fbs,True,False,20,17,True,0,1,2,0,1,0,0,0,3,12,2,0,True,1,1
401752871,2025,8,regular,USC,30,Big Ten,away,Notre Dame,FBS Independents,fbs,False,False,24,34,True,1,1,18,0,0,0,0,0,5,1,4,0,True,0,1
401752745,2025,8,regular,Vanderbilt,238,SEC,home,LSU,SEC,fbs,True,False,31,24,True,2,0,0,0,0,0,0,0,5,5,5,0,True,0,0
401752873,2025,8,regular,Washington,264,Big Ten,away,Michigan,Big Ten,fbs,True,False,7,24,True,1,0,0,0,0,0,0,0,3,3,0,0,True,0,0
401752877,2025,8,regular,Wisconsin,275,Big Ten,home,Ohio State,Big Ten,fbs,True,False,0,34,True,1,0,0,0,0,0,0,0,5,4,0,0,True,0,0
401752751,2025,9,regular,Alabama,333,SEC,away,South Carolina,SEC,fbs,True,False,29,22,True,2,1,18,1,1,1,0,0,7,5,4,0,True,1,1
401752746,2025,9,regular,Arkansas,8,SEC,home,Auburn,SEC,fbs,True,False,24,33,True,3,1,89,1,0,1,0,0,4,3,2,0,True,0,1
401752746,2025,9,regular,Auburn,2,SEC,away,Arkansas,SEC,fbs,True,False,33,24,True,2,3,77,1,1,1,0,0,5,2,1,0,True,1,3
401752880,2025,9,regular,Illinois,356,Big Ten,away,Washington,Big Ten,fbs,True,False,25,42,True,0,0,0,0,0,0,0,0,2,3,0,0,True,0,0
401752885,2025,9,regular,Indiana,84,Big Ten,home,UCLA,Big Ten,fbs,True,False,56,6,True,3,2,25,1,1,1,0,0,7,6,3,0,True,1,2
401752882,2025,9,regular,Iowa,2294,Big Ten,home,Minnesota,Big Ten,fbs,True,False,41,3,True,4,3,60,1,0,2,0,1,9,1,3,0,True,0,3
401752747,2025,9,regular,Kentucky,96,SEC,home,Tennessee,SEC,fbs,True,False,34,56,True,1,0,0,0,0,0,0,0,3,1,0,0,True,0,0
401752748,2025,9,regular,LSU,99,SEC,home,Texas A&M,SEC,fbs,True,False,25,49,True,0,2,28,0,0,0,0,0,2,5,2,1,True,0,2
401752881,2025,9,regular,Michigan,130,Big Ten,away,Michigan State,Big Ten,fbs,True,False,31,20,True,4,0,0,0,1,0,0,0,6,4,3,0,True,1,0
401752881,2025,9,regular,Michigan State,127,Big Ten,home,Michigan,Big Ten,fbs,True,False,20,31,True,1,0,0,0,1,0,0,0,2,2,3,0,True,1,0
401752882,2025,9,regular,Minnesota,135,Big Ten,away,Iowa,Big Ten,fbs,True,False,3,41,True,2,0,0,0,0,0,0,0,9,1,1,0,True,0,0
401752749,2025,9,regular,Mississippi State,344,SEC,home,Texas,SEC,fbs,True,False,38,45,True,5,1,25,0,0,0,0,0,12,6,2,0,True,0,1
401752752,2025,9,regular,Missouri,142,SEC,away,Vanderbilt,SEC,fbs,True,False,10,17,True,2,1,3,0,0,0,0,0,4,3,4,0,True,0,1
401752883,2025,9,regular,Nebraska,158,Big Ten,home,Northwestern,Big Ten,fbs,True,False,28,21,True,0,2,14,0,0,1,1,0,0,2,3,0,True,0,2
401752883,2025,9,regular,Northwestern,77,Big Ten,away,Nebraska,Big Ten,fbs,True,False,21,28,True,1,1,5,0,1,0,0,0,4,1,2,0,True,1,1
401752750,2025,9,regular,Oklahoma,201,SEC,home,Ole Miss,SEC,fbs,True,False,26,34,True,1,0,0,0,0,0,0,0,14,10,3,0,True,0,0
401752750,2025,9,regular,Ole Miss,145,SEC,away,Oklahoma,SEC,fbs,True,False,34,26,True,3,0,0,0,1,0,0,0,6,4,1,1,True,1,0
401752886,2025,9,regular,Oregon,2483,Big Ten,home,Wisconsin,Big Ten,fbs,True,False,21,7,True,1,1,0,0,0,0,0,0,3,6,6,0,True,0,1
401752884,2025,9,regular,Purdue,2509,Big Ten,home,Rutgers,Big Ten,fbs,True,False,24,27,True,5,0,0,0,1,0,0,0,7,4,3,0,True,1,0
401752884,2025,9,regular,Rutgers,164,Big Ten,away,Purdue,Big Ten,fbs,True,False,27,24,True,0,0,0,0,1,0,0,0,3,0,0,0,True,1,0
401752751,2025,9,regular,South Carolina,2579,SEC,home,Alabama,SEC,fbs,True,False,22,29,True,2,0,0,0,2,0,0,0,6,9,3,0,True,2,0
401752747,2025,9,regular,Tennessee,2633,SEC,away,Kentucky,SEC,fbs,True,False,56,34,True,1,1,45,1,1,1,0,0,8,1,4,0,True,1,1
401752749,2025,9,regular,Texas,251,SEC,away,Mississippi State,SEC,fbs,True,False,45,38,True,7,0,0,0,1,1,0,1,9,2,6,0,True,1,0
401752748,2025,9,regular,Texas A&M,245,SEC,away,LSU,SEC,fbs,True,False,49,25,True,7,0,0,0,0,1,0,1,11,5,0,0,True,0,0
401752885,2025,9,regular,UCLA,26,Big Ten,away,Indiana,Big Ten,fbs,True,False,6,56,True,0,2,34,0,0,0,0,0,1,6,1,0,True,0,2
401752752,2025,9,regular,Vanderbilt,238,SEC,home,Missouri,SEC,fbs,True,False,17,10,True,1,0,0,0,1,0,0,0,4,0,10,0,True,1,0
401752880,2025,9,regular,Washington,264,Big Ten,home,Illinois,Big Ten,fbs,True,False,42,25,True,0,2,34,0,0,0,0,0,2,5,2,0,True,0,2
401752886,2025,9,regular,Wisconsin,275,Big Ten,away,Oregon,Big Ten,fbs,True,False,7,21,True,4,0,0,0,0,0,0,0,7,2,1,0,True,0,0
401752753,2025,10,regular,Arkansas,8,SEC,home,Mississippi State,SEC,fbs,True,False,35,38,True,2,1,12,0,0,0,0,0,10,9,3,0,True,0,1
401752754,2025,10,regular,Auburn,2,SEC,home,Kentucky,SEC,fbs,True,False,3,10,True,2,2,42,0,0,0,0,0,6,3,1,0,True,0,2
401752755,2025,10,regular,Florida,57,SEC,home,Georgia,SEC,fbs,True,True,20,24,True,2,1,7,0,0,0,0,0,4,3,5,0,True,0,1
401752755,2025,10,regular,Georgia,61,SEC,away,Florida,SEC,fbs,True,True,24,20,True,0,0,0,0,0,0,0,0,2,1,6,0,True,0,0
401752891,2025,10,regular,Illinois,356,Big Ten,home,Rutgers,Big Ten,fbs,True,False,35,13,True,2,0,0,0,0,0,0,0,5,9,1,0,True,0,0
401752887,2025,10,regular,Indiana,84,Big Ten,away,Maryland,Big Ten,fbs,True,False,55,10,True,0,2,0,0,3,1,0,0,3,0,1,0,True,3,2
401752754,2025,10,regular,Kentucky,96,SEC,away,Auburn,SEC,fbs,True,False,10,3,True,7,1,0,0,1,0,0,0,13,4,9,0,True,1,1
401752887,2025,10,regular,Maryland,120,Big Ten,home,Indiana,Big Ten,fbs,True,False,10,55,True,1,1,32,0,0,0,0,0,3,2,0,0,True,0,1
401752890,2025,10,regular,Michigan,130,Big Ten,home,Purdue,Big Ten,fbs,True,False,21,16,True,3,0,0,0,1,0,0,0,7,1,4,0,True,1,0
401752888,2025,10,regular,Michigan State,127,Big Ten,away,Minnesota,Big Ten,fbs,True,False,20,23,True,1,0,0,0,1,0,0,0,4,4,3,0,True,0,0
401752888,2025,10,regular,Minnesota,135,Big Ten,home,Michigan State,Big Ten,fbs,True,False,23,20,True,7,0,0,0,0,0,0,0,12,3,1,0,True,0,0
401752753,2025,10,regular,Mississippi State,344,SEC,away,Arkansas,SEC,fbs,True,False,38,35,True,3,0,0,0,0,0,0,0,4,4,9,0,True,0,0
401752892,2025,10,regular,Nebraska,158,Big Ten,home,USC,Big Ten,fbs,True,False,17,21,True,3,1,0,0,0,0,0,0,4,5,3,0,True,0,1
401752889,2025,10,regular,Ohio State,194,Big Ten,home,Penn State,Big Ten,fbs,True,False,38,14,True,4,1,0,0,0,0,0,0,7,2,3,0,True,0,1
401752757,2025,10,regular,Oklahoma,201,SEC,away,Tennessee,SEC,fbs,True,False,33,27,True,4,2,74,0,1,1,0,0,8,4,3,0,True,1,2
401752756,2025,10,regular,Ole Miss,145,SEC,home,South Carolina,SEC,fbs,True,False,30,14,True,6,2,0,0,1,0,0,0,8,1,8,0,True,1,2
401752889,2025,10,regular,Penn State,213,Big Ten,away,Ohio State,Big Ten,fbs,True,False,14,38,True,0,0,0,0,1,0,0,0,4,1,1,0,True,1,0
401752890,2025,10,regular,Purdue,2509,Big Ten,away,Michigan,Big Ten,fbs,True,False,16,21,True,2,1,0,0,1,0,0,0,3,1,2,0,True,1,1
401752891,2025,10,regular,Rutgers,164,Big Ten,away,Illinois,Big Ten,fbs,True,False,13,35,True,1,1,0,0,0,0,0,0,4,4,1,0,True,0,1
401752756,2025,10,regular,South Carolina,2579,SEC,away,Ole Miss,SEC,fbs,True,False,14,30,True,0,1,1,0,1,0,0,0,6,3,2,0,True,1,1
401752757,2025,10,regular,Tennessee,2633,SEC,home,Oklahoma,SEC,fbs,True,False,27,33,True,3,1,15,0,1,0,0,0,3,3,3,0,True,1,1
401752758,2025,10,regular,Texas,251,SEC,home,Vanderbilt,SEC,fbs,True,False,34,31,True,6,0,0,0,1,0,0,0,10,2,7,0,True,1,0
401752892,2025,10,regular,USC,30,Big Ten,away,Nebraska,Big Ten,fbs,True,False,21,17,True,1,0,0,0,1,0,0,0,5,2,0,0,True,1,0
401752758,2025,10,regular,Vanderbilt,238,SEC,away,Texas,SEC,fbs,True,False,31,34,True,0,0,0,0,0,0,0,0,1,1,3,0,True,0,0
401752759,2025,11,regular,Alabama,333,SEC,home,LSU,SEC,fbs,True,False,20,9,True,3,0,0,0,2,0,0,0,7,2,2,0,True,2,0
401752764,2025,11,regular,Auburn,2,SEC,away,Vanderbilt,SEC,fbs,True,False,38,45,True,1,0,0,0,1,0,0,0,5,3,1,0,True,1,0
401752760,2025,11,regular,Florida,57,SEC,away,Kentucky,SEC,fbs,True,False,7,38,True,1,1,0,0,3,0,0,0,4,1,1,0,True,3,1
401752762,2025,11,regular,Georgia,61,SEC,away,Mississippi State,SEC,fbs,True,False,41,21,True,3,0,0,0,1,0,0,0,6,3,2,0,True,1,0
401752893,2025,11,regular,Indiana,84,Big Ten,away,Penn State,Big Ten,fbs,True,False,27,24,True,2,1,2,0,1,0,0,0,9,3,3,0,True,1,1
401752898,2025,11,regular,Iowa,2294,Big Ten,home,Oregon,Big Ten,fbs,True,False,16,18,True,0,1,0,0,0,0,0,0,1,1,0,0,True,0,1
401752760,2025,11,regular,Kentucky,96,SEC,home,Florida,SEC,fbs,True,False,38,7,True,1,3,72,0,1,0,0,0,7,4,4,0,True,1,3
401752759,2025,11,regular,LSU,99,SEC,away,Alabama,SEC,fbs,True,False,9,20,True,1,0,0,0,1,0,0,0,4,3,7,0,True,1,0
401752894,2025,11,regular,Maryland,120,Big Ten,away,Rutgers,Big Ten,fbs,True,False,20,35,True,1,2,0,0,0,0,0,0,6,4,0,0,True,0,2
401752762,2025,11,regular,Mississippi State,344,SEC,home,Georgia,SEC,fbs,True,False,21,41,True,0,0,0,0,1,0,0,0,4,3,2,0,True,1,0
401752763,2025,11,regular,Missouri,142,SEC,home,Texas A&M,SEC,fbs,True,False,17,38,True,1,0,0,0,1,0,0,0,5,4,4,0,True,1,0
401752895,2025,11,regular,Nebraska,158,Big Ten,away,UCLA,Big Ten,fbs,True,False,28,21,True,3,0,0,0,0,0,0,0,6,2,2,0,True,0,0
401752896,2025,11,regular,Northwestern,77,Big Ten,away,USC,Big Ten,fbs,True,False,17,38,True,1,1,25,0,0,0,0,0,1,2,0,0,True,0,1
401752897,2025,11,regular,Ohio State,194,Big Ten,away,Purdue,Big Ten,fbs,True,False,34,10,True,0,1,23,0,0,0,0,0,3,3,1,0,True,0,1
401752761,2025,11,regular,Ole Miss,145,SEC,home,The Citadel,Southern,fcs,False,False,49,0,True,2,0,0,0,0,0,0,0,13,3,2,0,True,0,0
401752898,2025,11,regular,Oregon,2483,Big Ten,away,Iowa,Big Ten,fbs,True,False,18,16,True,2,0,0,0,2,0,0,0,4,0,3,1,True,2,0
401752893,2025,11,regular,Penn State,213,Big Ten,home,Indiana,Big Ten,fbs,True,False,24,27,True,3,1,1,0,0,0,0,0,8,4,6,0,True,0,1
401752897,2025,11,regular,Purdue,2509,Big Ten,home,Ohio State,Big Ten,fbs,True,False,10,34,True,2,1,0,0,0,0,0,0,5,2,2,0,True,0,1
401752894,2025,11,regular,Rutgers,164,Big Ten,home,Maryland,Big Ten,fbs,True,False,35,20,True,0,1,19,0,0,0,0,0,3,5,5,0,True,0,1
401752763,2025,11,regular,Texas A&M,245,SEC,away,Missouri,SEC,fbs,True,False,38,17,True,2,0,0,0,2,0,0,0,7,3,2,0,True,2,0
401752895,2025,11,regular,UCLA,26,Big Ten,home,Nebraska,Big Ten,fbs,True,False,21,28,True,0,0,0,0,0,0,0,0,2,0,0,0,True,0,0
401752896,2025,11,regular,USC,30,Big Ten,home,Northwestern,Big Ten,fbs,True,False,38,17,True,2,0,0,0,2,0,0,0,3,5,0,0,True,2,0
401752764,2025,11,regular,Vanderbilt,238,SEC,home,Auburn,SEC,fbs,True,False,45,38,True,2,0,0,0,0,0,0,0,5,4,5,0,True,0,0
401752899,2025,11,regular,Washington,264,Big Ten,away,Wisconsin,Big Ten,fbs,True,False,10,13,True,2,0,0,0,0,0,0,0,6,3,1,0,True,0,0
401752899,2025,11,regular,Wisconsin,275,Big Ten,home,Washington,Big Ten,fbs,True,False,13,10,True,4,1,0,0,1,0,0,0,9,2,3,0,True,1,1
401752765,2025,12,regular,Alabama,333,SEC,home,Oklahoma,SEC,fbs,True,False,21,23,True,2,0,0,0,0,0,0,0,4,3,2,0,True,0,0
401752768,2025,12,regular,Arkansas,8,SEC,away,LSU,SEC,fbs,True,False,22,23,True,4,0,0,0,0,1,0,1,8,4,1,0,True,0,0
401752769,2025,12,regular,Florida,57,SEC,away,Ole Miss,SEC,fbs,True,False,24,34,True,5,1,25,0,0,0,0,0,7,0,2,0,True,0,1
401752766,2025,12,regular,Georgia,61,SEC,home,Texas,SEC,fbs,True,False,35,10,True,3,1,0,0,0,0,0,0,7,4,0,0,True,0,1
401752906,2025,12,regular,Illinois,356,Big Ten,home,Maryland,Big Ten,fbs,True,False,24,6,True,1,1,0,0,0,0,0,0,3,9,2,0,True,0,1
401752901,2025,12,regular,Indiana,84,Big Ten,home,Wisconsin,Big Ten,fbs,True,False,31,7,True,2,1,0,0,1,0,0,0,8,2,1,0,True,1,1
401752907,2025,12,regular,Iowa,2294,Big Ten,away,USC,Big Ten,fbs,True,False,21,26,True,2,0,0,0,0,0,0,0,3,6,0,0,True,0,0
401752767,2025,12,regular,Kentucky,96,SEC,home,Tennessee Tech,OVC-Big South,fcs,False,False,42,10,True,1,1,0,0,0,0,0,0,3,1,3,0,True,0,1
401752768,2025,12,regular,LSU,99,SEC,home,Arkansas,SEC,fbs,True,False,23,22,True,4,2,0,0,1,0,0,0,8,3,1,0,True,1,2
401752906,2025,12,regular,Maryland,120,Big Ten,away,Illinois,Big Ten,fbs,True,False,6,24,True,1,1,0,0,0,0,0,0,4,1,3,0,True,0,1
401752905,2025,12,regular,Michigan,130,Big Ten,away,Northwestern,Big Ten,fbs,True,True,24,22,True,0,0,0,0,0,0,0,0,2,8,3,0,True,0,0
401752903,2025,12,regular,Michigan State,127,Big Ten,home,Penn State,Big Ten,fbs,True,False,10,28,True,2,0,0,0,0,0,0,0,5,2,2,0,True,0,0
401752904,2025,12,regular,Minnesota,135,Big Ten,away,Oregon,Big Ten,fbs,True,False,13,42,True,1,0,0,0,1,0,0,0,5,1,1,0,True,1,0
401752770,2025,12,regular,Mississippi State,344,SEC,away,Missouri,SEC,fbs,True,False,27,49,True,2,1,12,0,1,0,0,0,5,1,2,0,True,1,1
401752770,2025,12,regular,Missouri,142,SEC,home,Mississippi State,SEC,fbs,True,False,49,27,True,5,2,47,2,1,2,0,0,13,7,4,0,True,1,2
401752905,2025,12,regular,Northwestern,77,Big Ten,home,Michigan,Big Ten,fbs,True,True,22,24,True,3,2,31,0,3,0,0,0,5,3,1,0,True,3,2
401752900,2025,12,regular,Ohio State,194,Big Ten,home,UCLA,Big Ten,fbs,True,False,48,10,True,0,0,0,0,0,1,1,0,5,2,0,0,True,0,0
401752765,2025,12,regular,Oklahoma,201,SEC,away,Alabama,SEC,fbs,True,False,23,21,True,4,1,87,1,2,1,0,0,5,1,4,0,True,2,1
401752769,2025,12,regular,Ole Miss,145,SEC,home,Florida,SEC,fbs,True,False,34,24,True,1,1,12,0,0,0,0,0,3,5,5,0,True,0,1
401752904,2025,12,regular,Oregon,2483,Big Ten,home,Minnesota,Big Ten,fbs,True,False,42,13,True,2,0,0,0,0,0,0,0,5,5,4,0,True,0,0
401752903,2025,12,regular,Penn State,213,Big Ten,away,Michigan State,Big Ten,fbs,True,False,28,10,True,5,0,0,0,1,0,0,0,8,2,6,0,True,1,0
401752902,2025,12,regular,Purdue,2509,Big Ten,away,Washington,Big Ten,fbs,True,False,13,49,True,1,0,0,0,1,0,0,0,4,0,1,0,True,1,0
401752772,2025,12,regular,South Carolina,2579,SEC,away,Texas A&M,SEC,fbs,True,False,30,31,True,2,2,25,0,2,1,0,0,4,3,2,0,True,2,2
401752771,2025,12,regular,Tennessee,2633,SEC,home,New Mexico State,Conference USA,fbs,False,False,42,9,True,3,2,44,1,0,1,0,0,7,8,1,0,True,0,2
401752766,2025,12,regular,Texas,251,SEC,away,Georgia,SEC,fbs,True,False,10,35,True,2,1,0,0,0,0,0,0,8,1,0,0,True,0,1
401752772,2025,12,regular,Texas A&M,245,SEC,home,South Carolina,SEC,fbs,True,False,31,30,True,4,1,39,0,0,0,0,0,10,3,2,0,True,0,1
401752900,2025,12,regular,UCLA,26,Big Ten,away,Ohio State,Big Ten,fbs,True,False,10,48,True,1,0,0,0,0,0,0,0,4,2,0,0,True,0,0
401752907,2025,12,regular,USC,30,Big Ten,home,Iowa,Big Ten,fbs,True,False,26,21,True,0,1,4,0,0,0,0,0,0,3,1,0,True,0,1
401752902,2025,12,regular,Washington,264,Big Ten,home,Purdue,Big Ten,fbs,True,False,49,13,True,3,1,4,0,0,0,0,0,6,5,2,0,True,0,1
401752901,2025,12,regular,Wisconsin,275,Big Ten,away,Indiana,Big Ten,fbs,True,False,7,31,True,5,0,0,0,0,0,0,0,7,0,1,0,True,0,0
401752773,2025,13,regular,Alabama,333,SEC,home,Eastern Illinois,OVC-Big South,fcs,False,False,56,0,True,3,1,1,0,0,0,0,0,9,3,0,0,True,0,1
401752780,2025,13,regular,Arkansas,8,SEC,away,Texas,SEC,fbs,True,False,37,52,True,0,0,0,0,0,0,0,0,2,5,3,0,True,0,0
401752774,2025,13,regular,Auburn,2,SEC,home,Mercer,Southern,fcs,False,False,62,17,True,2,2,57,1,1,1,0,0,6,4,3,0,True,1,2
401752775,2025,13,regular,Florida,57,SEC,home,Tennessee,SEC,fbs,True,False,11,31,True,1,0,0,0,0,0,0,0,3,0,2,0,True,0,0
401752776,2025,13,regular,Georgia,61,SEC,home,Charlotte,American Athletic,fbs,False,False,35,3,True,2,2,0,0,0,0,0,0,3,3,0,0,True,0,2
401752915,2025,13,regular,Illinois,356,Big Ten,away,Wisconsin,Big Ten,fbs,True,False,10,27,True,5,0,0,0,0,0,0,0,8,1,3,0,True,0,0
401752913,2025,13,regular,Iowa,2294,Big Ten,home,Michigan State,Big Ten,fbs,True,False,20,17,True,2,1,0,0,0,1,0,1,7,3,9,0,True,0,1
401752782,2025,13,regular,Kentucky,96,SEC,away,Vanderbilt,SEC,fbs,True,False,17,45,True,4,1,28,0,0,0,0,0,7,2,2,0,True,0,1
401752777,2025,13,regular,LSU,99,SEC,home,Western Kentucky,Conference USA,fbs,False,False,13,10,True,5,2,3,0,0,0,0,0,6,6,2,0,True,0,2
401752914,2025,13,regular,Maryland,120,Big Ten,home,Michigan,Big Ten,fbs,True,False,20,45,True,2,0,0,0,0,0,0,0,5,3,0,0,True,0,0
401752914,2025,13,regular,Michigan,130,Big Ten,away,Maryland,Big Ten,fbs,True,False,45,20,True,3,1,14,0,0,0,0,0,5,4,0,0,True,0,1
401752913,2025,13,regular,Michigan State,127,Big Ten,away,Iowa,Big Ten,fbs,True,False,17,20,True,3,1,0,0,1,0,0,0,7,1,2,0,True,1,1
401752909,2025,13,regular,Minnesota,135,Big Ten,away,Northwestern,Big Ten,fbs,True,True,35,38,True,1,0,0,0,1,0,0,0,6,2,1,0,True,1,0
401752778,2025,13,regular,Missouri,142,SEC,away,Oklahoma,SEC,fbs,True,False,6,17,True,2,0,0,0,0,0,0,0,6,6,5,0,True,0,0
401752908,2025,13,regular,Nebraska,158,Big Ten,away,Penn State,Big Ten,fbs,True,False,10,37,True,1,0,0,0,0,0,0,0,5,0,0,0,True,0,0
401752909,2025,13,regular,Northwestern,77,Big Ten,home,Minnesota,Big Ten,fbs,True,True,38,35,True,1,0,0,0,0,0,0,0,4,4,3,0,True,0,0
401752912,2025,13,regular,Ohio State,194,Big Ten,home,Rutgers,Big Ten,fbs,True,False,42,9,True,4,0,0,0,1,0,0,0,6,3,2,0,True,1,0
401752778,2025,13,regular,Oklahoma,201,SEC,home,Missouri,SEC,fbs,True,False,17,6,True,4,2,13,0,0,0,0,0,8,5,5,0,True,0,2
401752911,2025,13,regular,Oregon,2483,Big Ten,home,USC,Big Ten,fbs,True,False,42,27,True,1,2,-1,0,0,1,0,1,6,5,5,0,True,0,2
401752908,2025,13,regular,Penn State,213,Big Ten,home,Nebraska,Big Ten,fbs,True,False,37,10,True,3,0,0,0,0,0,0,0,6,2,4,0,True,0,0
401752912,2025,13,regular,Rutgers,164,Big Ten,away,Ohio State,Big Ten,fbs,True,False,9,42,True,0,0,0,0,1,0,0,0,4,2,4,0,True,1,0
401752779,2025,13,regular,South Carolina,2579,SEC,home,Coastal Carolina,Sun Belt,fbs,False,False,51,7,True,1,0,0,0,1,0,0,0,7,3,6,0,True,1,0
401752775,2025,13,regular,Tennessee,2633,SEC,away,Florida,SEC,fbs,True,False,31,11,True,2,0,0,0,0,0,0,0,6,1,4,0,True,0,0
401752780,2025,13,regular,Texas,251,SEC,home,Arkansas,SEC,fbs,True,False,52,37,True,1,1,11,0,1,1,0,0,4,7,10,0,True,1,1
401752781,2025,13,regular,Texas A&M,245,SEC,home,Samford,Southern,fcs,False,False,48,0,True,1,0,0,0,0,0,0,0,11,2,4,0,True,0,0
401752910,2025,13,regular,UCLA,26,Big Ten,home,Washington,Big Ten,fbs,True,False,14,48,True,1,1,27,0,1,1,0,0,5,2,3,0,True,1,1
401752911,2025,13,regular,USC,30,Big Ten,away,Oregon,Big Ten,fbs,True,False,27,42,True,0,1,10,0,0,0,0,0,2,1,1,0,True,0,1
401752782,2025,13,regular,Vanderbilt,238,SEC,home,Kentucky,SEC,fbs,True,False,45,17,True,2,3,75,0,0,0,0,0,7,7,9,0,True,0,3
401752910,2025,13,regular,Washington,264,Big Ten,away,UCLA,Big Ten,fbs,True,False,48,14,True,1,0,0,0,3,1,0,0,3,6,5,0,True,3,0
401752915,2025,13,regular,Wisconsin,275,Big Ten,home,Illinois,Big Ten,fbs,True,False,27,10,True,5,0,0,0,0,0,0,0,6,4,6,0,True,0,0
401752784,2025,14,regular,Alabama,333,SEC,away,Auburn,SEC,fbs,True,False,27,20,True,1,1,34,0,1,0,0,0,3,7,1,0,True,1,1
401752783,2025,14,regular,Arkansas,8,SEC,home,Missouri,SEC,fbs,True,False,17,31,True,2,0,0,0,1,1,0,0,5,0,1,0,True,1,0
401752784,2025,14,regular,Auburn,2,SEC,home,Alabama,SEC,fbs,True,False,20,27,True,3,0,0,0,0,0,0,0,4,4,8,0,True,0,0
401752785,2025,14,regular,Florida,57,SEC,home,Florida State,ACC,fbs,False,False,40,21,True,4,1,48,0,1,0,0,0,7,4,3,0,True,1,1
401752786,2025,14,regular,Georgia,61,SEC,away,Georgia Tech,ACC,fbs,False,True,16,9,True,1,1,0,0,0,0,0,0,7,1,4,0,True,0,1
401752922,2025,14,regular,Illinois,356,Big Ten,home,Northwestern,Big Ten,fbs,True,False,20,13,True,2,3,33,0,1,0,0,0,6,9,2,0,True,1,3
401752924,2025,14,regular,Indiana,84,Big Ten,away,Purdue,Big Ten,fbs,True,False,56,3,True,1,1,0,0,1,0,0,0,10,6,1,0,True,1,1
401752916,2025,14,regular,Iowa,2294,Big Ten,away,Nebraska,Big Ten,fbs,True,False,40,16,True,0,0,0,0,1,0,0,0,1,4,2,0,True,1,0
401752787,2025,14,regular,Kentucky,96,SEC,away,Louisville,ACC,fbs,False,False,0,41,True,1,0,0,0,0,0,0,0,6,4,3,0,True,0,0
401752789,2025,14,regular,LSU,99,SEC,away,Oklahoma,SEC,fbs,True,False,13,17,True,0,3,86,0,0,0,0,0,6,3,3,0,True,0,3
401752923,2025,14,regular,Maryland,120,Big Ten,away,Michigan State,Big Ten,fbs,True,True,28,38,True,0,1,13,0,0,0,0,0,5,6,2,0,True,0,1
401752921,2025,14,regular,Michigan,130,Big Ten,home,Ohio State,Big Ten,fbs,True,False,9,27,True,0,1,0,0,0,0,0,0,4,1,1,0,True,0,1
401752923,2025,14,regular,Michigan State,127,Big Ten,home,Maryland,Big Ten,fbs,True,True,38,28,True,2,1,0,0,0,1,1,0,2,3,11,0,True,0,1
401752918,2025,14,regular,Minnesota,135,Big Ten,home,Wisconsin,Big Ten,fbs,True,False,17,7,True,1,2,76,0,1,0,0,0,5,2,3,0,True,1,2
401752788,2025,14,regular,Mississippi State,344,SEC,home,Ole Miss,SEC,fbs,True,False,19,38,True,0,0,0,0,0,0,0,0,0,1,2,0,True,0,0
401752783,2025,14,regular,Missouri,142,SEC,away,Arkansas,SEC,fbs,True,False,31,17,True,4,0,0,0,0,1,0,1,8,5,3,0,True,0,0
401752916,2025,14,regular,Nebraska,158,Big Ten,home,Iowa,Big Ten,fbs,True,False,16,40,True,0,0,0,0,1,0,0,0,2,1,4,1,True,1,0
401752922,2025,14,regular,Northwestern,77,Big Ten,away,Illinois,Big Ten,fbs,True,False,13,20,True,1,0,0,0,1,0,0,0,5,2,1,0,True,1,0
401752921,2025,14,regular,Ohio State,194,Big Ten,away,Michigan,Big Ten,fbs,True,False,27,9,True,1,1,0,0,0,0,0,0,3,1,0,0,True,0,1
401752789,2025,14,regular,Oklahoma,201,SEC,home,LSU,SEC,fbs,True,False,17,13,True,0,1,0,0,0,0,0,0,5,4,3,0,True,0,1
401752788,2025,14,regular,Ole Miss,145,SEC,away,Mississippi State,SEC,fbs,True,False,38,19,True,3,1,0,0,0,0,0,0,5,2,7,0,True,0,1
401752917,2025,14,regular,Oregon,2483,Big Ten,away,Washington,Big Ten,fbs,True,False,26,14,True,4,2,0,0,0,0,0,0,6,3,4,0,True,0,2
401752920,2025,14,regular,Penn State,213,Big Ten,away,Rutgers,Big Ten,fbs,True,False,40,36,True,3,0,0,0,1,1,0,0,5,3,1,0,True,1,0
401752924,2025,14,regular,Purdue,2509,Big Ten,home,Indiana,Big Ten,fbs,True,False,3,56,True,0,0,0,0,0,0,0,0,2,3,3,0,True,0,0
401752920,2025,14,regular,Rutgers,164,Big Ten,home,Penn State,Big Ten,fbs,True,False,36,40,True,1,0,0,0,0,0,0,0,4,1,2,0,True,0,0
401752790,2025,14,regular,South Carolina,2579,SEC,home,Clemson,ACC,fbs,False,False,14,28,True,1,1,0,0,0,0,0,0,5,5,5,0,True,0,1
401752791,2025,14,regular,Tennessee,2633,SEC,home,Vanderbilt,SEC,fbs,True,False,24,45,True,1,2,19,0,0,0,0,0,4,3,4,0,True,0,2
401752792,2025,14,regular,Texas,251,SEC,home,Texas A&M,SEC,fbs,True,False,27,17,True,1,2,0,0,0,0,0,0,2,2,5,0,True,0,2
401752792,2025,14,regular,Texas A&M,245,SEC,away,Texas,SEC,fbs,True,False,17,27,True,2,0,0,0,0,0,0,0,10,5,5,0,True,0,0
401752919,2025,14,regular,UCLA,26,Big Ten,away,USC,Big Ten,fbs,True,False,10,29,True,2,0,0,0,0,0,0,0,3,3,3,0,True,0,0
401752919,2025,14,regular,USC,30,Big Ten,home,UCLA,Big Ten,fbs,True,False,29,10,True,4,0,0,0,0,0,0,0,5,4,0,0,True,0,0
401752791,2025,14,regular,Vanderbilt,238,SEC,away,Tennessee,SEC,fbs,True,False,45,24,True,4,0,0,0,0,0,0,0,10,6,0,0,True,0,0
401752917,2025,14,regular,Washington,264,Big Ten,home,Oregon,Big Ten,fbs,True,False,14,26,True,2,0,0,0,0,0,0,0,6,0,0,0,True,0,0
401752918,2025,14,regular,Wisconsin,275,Big Ten,away,Minnesota,Big Ten,fbs,True,False,7,17,True,1,0,0,0,0,0,0,0,2,1,1,0,True,0,0
401777351,2025,15,regular,Alabama,333,SEC,home,Georgia,SEC,fbs,False,True,7,28,True,1,0,0,0,0,0,0,0,7,4,2,0,True,0,0
401777351,2025,15,regular,Georgia,61,SEC,away,Alabama,SEC,fbs,False,True,28,7,True,3,1,30,0,0,0,0,0,4,6,5,0,True,0,1
401777353,2025,15,regular,Indiana,84,Big Ten,away,Ohio State,Big Ten,fbs,False,True,13,10,True,5,1,12,0,0,0,0,0,9,2,2,0,True,0,1
401777353,2025,15,regular,Ohio State,194,Big Ten,home,Indiana,Big Ten,fbs,False,True,10,13,True,3,1,2,0,0,0,0,0,4,1,4,0,True,0,1
401779840,2025,1,postseason,Alabama,333,SEC,away,Oklahoma,SEC,fbs,False,False,34,24,True,5,1,50,1,0,1,0,0,7,5,4,0,True,0,1
401769072,2025,1,postseason,Alabama,333,SEC,away,Indiana,Big Ten,fbs,False,True,3,38,True,3,0,0,0,0,0,0,0,5,2,0,0,True,0,0
401769073,2025,1,postseason,Georgia,61,SEC,home,Ole Miss,SEC,fbs,False,True,34,39,True,0,0,0,0,1,1,0,0,3,7,0,1,True,1,0
401778326,2025,1,postseason,Illinois,356,Big Ten,home,Tennessee,SEC,fbs,False,True,30,28,True,4,0,0,0,1,1,0,0,7,0,1,0,True,1,0
401769072,2025,1,postseason,Indiana,84,Big Ten,home,Alabama,SEC,fbs,False,True,38,3,True,3,0,0,0,1,0,0,0,6,3,5,0,True,1,0
401769074,2025,1,postseason,Indiana,84,Big Ten,home,Oregon,Big Ten,fbs,False,True,56,22,True,3,1,25,1,2,1,0,0,10,1,0,0,True,2,1
401769076,2025,1,postseason,Indiana,84,Big Ten,home,Miami,ACC,fbs,False,True,27,21,True,1,1,0,0,0,1,0,1,1,7,1,0,True,0,1
401778328,2025,1,postseason,Iowa,2294,Big Ten,away,Vanderbilt,SEC,fbs,False,True,34,27,True,4,0,0,0,0,0,0,0,5,4,2,0,True,0,0
401778323,2025,1,postseason,LSU,99,SEC,away,Houston,Big 12,fbs,False,True,35,38,True,0,0,0,0,0,1,1,0,6,2,4,0,True,0,0
401778330,2025,1,postseason,Michigan,130,Big Ten,away,Texas,SEC,fbs,False,True,27,41,True,0,0,0,0,1,0,0,0,5,4,2,0,True,1,0
401778314,2025,1,postseason,Minnesota,135,Big Ten,home,New Mexico,Mountain West,fbs,False,True,20,17,True,4,1,0,0,0,0,0,0,8,4,0,0,True,0,1
401778334,2025,1,postseason,Mississippi State,344,SEC,home,Wake Forest,ACC,fbs,False,True,29,43,True,1,1,12,0,0,0,0,0,2,1,2,0,True,0,1
401778322,2025,1,postseason,Missouri,142,SEC,home,Virginia,ACC,fbs,False,True,7,13,True,1,0,0,0,1,0,0,0,4,1,6,0,True,1,0
401778331,2025,1,postseason,Nebraska,158,Big Ten,away,Utah,Big 12,fbs,False,True,22,44,True,3,0,0,0,0,0,0,0,5,4,1,0,True,0,0
401778313,2025,1,postseason,Northwestern,77,Big Ten,home,Central Michigan,Mid-American,fbs,False,True,34,7,True,5,1,0,0,3,1,0,0,5,2,2,0,True,3,1
401769070,2025,1,postseason,Ohio State,194,Big Ten,home,Miami,ACC,fbs,False,True,14,24,True,2,0,0,0,1,0,0,0,4,2,3,0,True,1,0
401779840,2025,1,postseason,Oklahoma,201,SEC,home,Alabama,SEC,fbs,False,False,24,34,True,4,0,0,0,0,0,0,0,7,2,5,0,True,0,0
401779842,2025,1,postseason,Ole Miss,145,SEC,home,Tulane,American Athletic,fbs,False,False,41,10,True,2,1,15,0,2,0,0,0,6,6,8,0,True,2,1
401769073,2025,1,postseason,Ole Miss,145,SEC,away,Georgia,SEC,fbs,False,True,39,34,True,2,0,0,0,1,0,0,0,9,6,0,0,True,1,0
401769075,2025,1,postseason,Ole Miss,145,SEC,home,Miami,ACC,fbs,False,True,27,31,True,4,1,0,0,0,0,0,0,5,6,2,0,True,0,1
401779843,2025,1,postseason,Oregon,2483,Big Ten,home,James Madison,Sun Belt,fbs,False,False,51,34,True,2,0,0,0,0,1,0,1,5,11,12,0,True,0,0
401769071,2025,1,postseason,Oregon,2483,Big Ten,away,Texas Tech,Big 12,fbs,False,True,23,0,True,4,2,2,0,3,0,0,0,7,4,1,0,True,2,2
401769074,2025,1,postseason,Oregon,2483,Big Ten,away,Indiana,Big Ten,fbs,False,True,22,56,True,1,0,0,0,0,0,0,0,5,1,0,0,True,0,0
401778317,2025,1,postseason,Penn State,213,Big Ten,away,Clemson,ACC,fbs,False,True,22,10,True,4,0,0,0,0,0,0,0,6,8,4,0,True,0,0
401778326,2025,1,postseason,Tennessee,2633,SEC,away,Illinois,Big Ten,fbs,False,True,28,30,True,1,0,0,0,0,1,1,0,5,8,4,0,True,0,0
401778330,2025,1,postseason,Texas,251,SEC,home,Michigan,Big Ten,fbs,False,True,41,27,True,3,3,10,0,0,0,0,0,8,3,2,0,True,0,3
401779841,2025,1,postseason,Texas A&M,245,SEC,home,Miami,ACC,fbs,False,False,3,10,True,2,0,0,0,1,0,0,0,6,2,0,0,True,1,0
401778327,2025,1,postseason,USC,30,Big Ten,away,TCU,Big 12,fbs,False,True,27,30,True,3,1,0,0,0,0,0,0,7,3,2,0,True,0,1
401778328,2025,1,postseason,Vanderbilt,238,SEC,home,Iowa,Big Ten,fbs,False,True,27,34,True,2,1,0,0,0,0,0,0,5,2,3,0,True,0,1
401778302,2025,1,postseason,Washington,264,Big Ten,home,Boise State,Mountain West,fbs,False,True,38,10,True,3,5,90,0,0,0,0,0,4,6,7,0,True,0,5
